0,18.610908550094745,226.56290259502998,-205.08331653599427
1,-3.537437595826008,21.7082723877057,-32.55730643058336
2,6.102591685012474,-99.32177366198876,-71.19861304229781
3,-7.173137632846788,-308.77434241541425,-124.42148486163734
4,4.882822250489929,-114.74886784055505,27.41374243133401
5,-25.214689567945264,-348.47561609125313,242.8571610307718
6,-5.411485942834006,-37.4350335345316,158.71444613464777
7,-4.655486014394214,106.24873109359193,145.67886753953144
8,5.3124650773082935,277.90066802666644,90.05985768242162
9,4.855934611145074,250.69827473162042,9.722938594538189
10,-2.886006650682633,32.49669120340035,-47.161804193202364
11,5.080735805773397,-17.56887745409361,-32.973370395731074
12,8.047787139806712,-157.41026906722132,-79.7190966397293
13,-7.213699118816935,-503.3111299514297,-88.65448926342113
14,5.60039116008614,-50.64461406210432,47.963997221238365
15,-4.884160390611019,-65.06156179851872,182.19040985707454
16,-7.290938528836738,65.97476067513114,153.35630373943172
17,-4.963068820297776,261.6897256072552,146.98143042227497
18,-3.190629496890799,259.7061929135047,30.533460976424127
19,-2.8413712295828577,63.67475546805128,-76.16710919864978
20,2.6016719774066166,-4.749417232217691,-25.741188233412732
21,8.263471626086178,-41.22060269828712,-50.468512522643444
22,3.4002997163300117,-441.4297956644774,-99.71911380392659
23,-0.14629192683612846,-271.4060416292838,130.11517364355313
24,-3.6199125551974687,-82.87808474562394,187.11110342648126
25,-4.930265664657509,-1.666166931444217,147.916658076997
26,-9.997530569255538,136.10361907206425,157.44732739658326
27,-7.6892083806193074,264.4218560465382,52.703781549876815
28,-0.6739144096701004,243.6607087085171,-125.94373939728733
29,0.9385230941971745,166.17526895982223,-163.21041991215358
30,1.1356083126753278,-0.29989166243563753,-32.97909123597836
31,12.301813886522357,-363.25616236742604,-126.44320916038643
32,2.096933586745803,-729.2792280747213,31.323569187863367
33,-0.20466886829726327,-254.56070501993753,209.09738738296025
34,5.241600864314753,-41.13775595594759,53.41561417653654
35,-7.398020383116821,34.99302939684205,148.7289793970603
36,-11.559465712920115,117.44085540042366,144.43553084444645
37,-10.14358060246528,243.8670153870808,-17.9230171705765
38,-0.5631174280171356,229.1891229459765,-193.59617901703533
39,-4.787192818909329,28.805655119933355,-43.95713866261862
40,12.93662963677382,-93.44300051340883,-77.88236904195718
41,17.4102451371022,-271.5374431906589,-123.67495112469956
42,13.079418347247117,-167.222733659935,35.28486400317622
43,7.89673790937101,-244.28910392298883,137.51886096327306
44,-1.7431137227684195,-47.73481098445434,160.8193935924518
45,-11.527012706950288,84.29198654585521,154.82034745166897
46,-17.540568163223554,266.6899482610136,138.0602837254274
47,-12.720977102613697,235.61890661769485,-47.72605162566751
48,-6.737190784863177,236.52408730216388,-155.0508573237305
49,2.572897159847871,-4.152756974325187,-36.80691247937995
50,10.215799406293765,-38.391695690909735,-52.309559573545286
51,30.22056969593241,-363.1380721503411,-126.18586030311434
52,41.12098587305773,-773.4193226749061,21.546573071341193
53,13.32588313969813,-6.366050425351589,9.093862417194316
54,-9.048130238110508,35.176237729791545,150.6349922868052
55,-15.296343225081866,96.41834528826024,156.74433481661717
56,-23.220895974509023,248.7345382987577,16.648253549238575
57,-19.945604264136886,244.33702307638822,-62.47478342062473
58,-6.9774137633539315,43.059239038000065,-57.82573060142397
59,4.302628678742997,-8.598603729916416,-35.352975308608755
60,20.757147815683993,-130.53441791049914,-76.15409579280426
61,40.56128024495417,-443.3209135727057,-115.10190830586143
62,16.104718784687535,-72.18136205483935,28.9219041949776
63,-5.161855966706026,1.3631439201619597,149.904960163538
64,-30.69559157830053,267.11327297078503,144.42370048779148
65,-28.583747662080214,262.3442292664163,38.85340378377866
66,-20.306473279011584,239.42484146802835,-125.12590131833936
67,-11.852045430107882,150.45150519465636,-153.47388932638276
68,11.230699323460907,-38.135671677596164,-55.43549715241291
69,17.3449252995517,-70.1772713411659,-46.03079029978639
70,65.41645233176894,-749.9378688168,34.529901545204794
71,12.989098058771589,-52.895057205637094,40.551349230129524
72,-2.8923951314212633,-13.558838708325526,148.55081512672646
73,-21.32878547056092,121.4139119527735,151.44004616721628
74,-33.26871576214871,244.59994307895482,148.26753069142578
75,-29.765214123758298,245.22843543866185,-22.790162190352515
76,-4.156729641831625,11.286441120360434,-32.2858251193515
77,0.8629688031087022,0.5744012926935631,-35.99284519286604
78,18.32770502276932,-71.46910314995381,-51.266171602139075
79,76.52566066711728,-725.1181471092092,21.54062686766158
80,12.17463399811954,-0.21512670168245113,2.204322743537894
81,-23.643309028623236,123.98256530121279,149.4405337348382
82,-36.116987536115246,232.48879947275987,151.915917824321
83,-33.685267774758486,241.90986200503636,-18.785659658080675
84,-17.322632420896266,153.8727499204816,-152.75009574136504
85,12.832660935294818,-35.80217829248644,-52.726839992398816
86,20.38106733455314,-66.3733102866948,-43.99140918653026
87,107.74066722305427,-786.075111501744,64.74418834425504
88,22.132593075129815,-26.09251630865149,10.539232224520179
89,-7.629730469345581,13.456613731900898,152.3389756923827
90,-19.786101582213995,77.4695433506434,151.2730369007277
91,-48.00779224068552,265.58533760396705,121.76691750025937
92,-8.43806379217056,26.880220054385205,-44.0653447219514
93,0.7445897212744703,0.5135515113990854,-33.99540495166404
94,64.94942298285426,-350.8076997912631,-115.72538121482367
95,-7.60702161371321,13.005877313014427,147.35287384206026
96,-35.02266048967668,153.3809359039464,152.07139450729636
97,-47.711822632632554,245.89477701448047,19.96866490516771
98,-8.96720841224156,24.19997006842763,-39.52478090275928
99,10.716854536601682,-20.04685438515136,-35.631775867729715
100,71.76899716400088,-355.13870402284743,-117.50459310306478
101,-4.989794101149159,1.3177057894898945,144.90812815808673
102,-35.668114925995496,142.93267260548893,152.31113851129277
103,-47.36500222510676,237.79929885225337,-67.23016204727129
104,-40.52866358371404,236.08945539744028,-191.99859993962792
105,9.426635886466709,-16.658768840717443,-34.530284073122495
106,75.34969068882357,-340.413940611528,-119.10099240767353
107,-38.6905330772252,145.48069327371823,156.01654442770214
108,-58.14994340695268,255.5403115515887,29.235908808744867
109,-12.389763089228333,44.78201594243804,-68.22226637194545
110,8.841810804917667,-14.414754285989723,-34.01325838793131
111,74.55943965329692,-280.8452379544005,-125.59619557524589
112,1.4730675358796272,-22.32233095265217,153.84257388984196
113,-36.25821384020401,114.94600807640334,153.66410752127788
114,-67.68612504100518,248.353146813742,148.5515101771897
115,-54.61708626526477,233.80288596478076,-155.08456211418684
116,-17.76796821756197,58.032698964514445,-72.45095011964244
117,24.62561038142251,-66.14907625821418,-70.3049599574783
118,161.0735775939934,-637.3015682823682,-55.285177291578876
119,-15.66264511212687,35.93861139996388,147.90656329708554
120,-67.7319953534333,230.1230647028044,148.81710779037238
121,-67.81247239043937,246.7740777239866,-33.35847959944449
122,-60.628428687258136,238.09663218644332,-141.85514655349826
123,7.599826026130275,-9.78454875320354,-31.823929375112918
124,64.85568528833879,-219.50955697582705,-120.48889693470448
125,146.98400807748388,-574.8590670109381,-69.78657694276306
126,-18.20227530002843,41.80298108076638,148.51336640107155
127,-41.210347271537195,117.55865361788105,153.24951219945558
128,-78.44050813432398,261.5745663484443,48.1795034319831
129,-69.0808683882962,236.8108370322485,-52.590206645858814
130,7.940548353973622,-10.48973981957649,-34.73074774978401
131,27.008394971264156,-65.16083059713544,-67.68729693524722
132,79.36490445765699,-259.4173452277563,-133.1664933648596
133,-12.877325038014721,23.90398769282138,147.9735964034295
134,-68.91194103346864,204.323517214278,148.54992779147054
135,-85.13151715180666,267.18805038816123,63.78741803962292
136,-33.78595074309824,108.72303800169222,-115.1816815248518
137,2.1678665751626403,-1.6644372861896695,-31.91099802094483
138,19.970228687948232,-39.02198591968462,-52.99327624649722
139,195.99392530033904,-701.3405270984957,125.36107666352554
140,8.913847125696,-31.366883897006034,120.98512324741344
141,-70.5016410763079,185.19258735545378,151.47287314359718
142,-85.97587418424978,241.51415421460007,3.049889931346927
143,-81.46199574783259,238.8922419227349,-90.1944267516237
144,-12.623458457541787,23.151974562999815,-45.43731610993535
145,35.2963701691067,-74.91866496246224,-55.87313102866387
146,126.72958250441886,-365.63148053722404,-117.73454807181827
147,-6.556084298245688,4.304995921370631,156.81071062237598
148,-99.08876358653924,259.9818597379327,125.0560018246905
149,-85.00142931729107,233.26655694930753,-75.2618351100118
150,-78.22351595476525,230.69969671393457,-191.81806126646742
151,12.670318585387474,-14.66790352434746,-33.280708815108326
152,115.49532236208294,-309.28724426110125,-130.3676945759641
153,268.4921424474166,-785.6765798080141,-25.976860707932634
154,0.662405071664506,-12.455091685525536,151.65366385320672
155,-57.63415518387729,130.79054051999182,153.13145859175296
156,-101.42924198044244,256.27945570581915,39.00655154778158
157,-84.60669025386913,231.29903793080769,-161.68993571349336
158,10.501975226173453,-10.60852520173774,-31.283653053671856
159,30.99074914412972,-56.756702027823614,-58.972627087426844
160,227.13543149064083,-618.5681731335281,-64.72167119165034
161,10.365229174199147,-36.009122870002486,156.68241375196553
162,-41.66864706773906,85.05552503743765,151.52201549912857
163,-109.12873873933007,259.80706133329085,109.87315046980228
164,-101.27811592857061,244.53177826203853,-1.4499652178635252
165,-13.56826771468518,18.920480626460908,-39.032498714909124
166,14.99951474549732,-16.05080247299389,-32.49673202832785
167,134.7778538117889,-328.9434313895505,-120.38629389587248
168,5.860133556224376,-23.653517813876274,153.60563258265717
169,-53.200445132089584,107.50741885837387,147.1903429488659
170,-106.29378928798306,246.40410024709485,-23.281162759060813
171,-58.60449316186195,140.9070575640694,-144.81033825327825
172,-14.298309178099903,16.875777968783453,-34.200457003832746
173,15.31309297751257,-17.328752802037947,-37.35376824820338
174,318.8013930254449,-797.6422441136936,3.5965491639222815
175,-19.972501524584935,30.275575650939114,147.3566354171902
176,-121.72645055894995,251.54121916275002,108.7005339389408
177,-117.83033899625079,245.81350263839033,24.68176876654171
178,-101.51132514219947,227.74588251460563,-177.89670911240376
179,8.278310729119717,-6.80126397404849,-32.067331218091226
180,25.971642776119115,-37.084200451060156,-58.562104535992766
181,168.32255275416713,-360.21555235941764,-113.06746944739518
182,419.1148021471337,-995.8940241113354,524.1851925761165
183,0.427245730424187,-9.203154629221626,152.82246520510506
184,-23.814080652666455,36.15969811153342,150.9492665509157
185,-106.58280516816309,205.56806488964054,148.5579692904091
186,-118.72821680297955,237.6665973561625,-6.249504556156291
187,-69.68284376177284,145.14981211127093,-148.99502175421085
188,-0.8512240820750643,1.495015865520421,-34.01783663182199
189,34.86944928884729,-49.66681736130853,-52.721199904237785
190,129.43851725852443,-255.76963977249682,-140.69264184570002
191,16.334780910425714,-31.109740294018348,98.86629501944869
192,-3.82338868940369,-1.2364527488333836,153.9537545272889
193,-119.93828402956409,224.0485523713117,140.18310633143085
194,-131.23624749169593,250.23301837681507,53.75571835112459
195,-118.39702486630955,234.92493575892405,-111.38648049702223
196,-0.8104105674196274,1.6585833341143998,-38.01496929984889
197,35.00771728697465,-46.9504611817224,-50.4755754378229
198,141.83629083803405,-270.17851341965843,-137.5739314293175
199,18.545133000875065,-33.852409496101814,103.12716750309724
200,-5.29950545915152,1.3994944246996122,153.902425767899
201,-67.929598609743,112.74927497764997,156.92254889154466
202,-124.16106533876685,228.63236296723144,-31.770948955876776
203,-64.085932681632,118.60789456437973,-127.81499015626632
204,-15.87840547576723,16.234037212185843,-38.173492921325085
205,38.28145026024407,-51.05689230057407,-53.988727611345105
206,280.8733119175295,-543.3233262398388,-89.46890936021151
207,21.090674108110036,-0.5855129724628633,7.7303126403429205
208,-5.333917832262894,1.4085820508340252,154.90179216898926
209,-123.32536942869713,201.90178929247833,140.5188466935622
210,-140.09210165913635,234.07187011178604,65.58612055794134
211,-126.15949912634179,217.57620640584165,-97.04727926033407
212,18.60760795883437,-12.869555554921462,-29.169352985270184
213,12.445788630693448,-8.171258733601922,-30.277011284923482
214,128.60705345586638,-211.53453047528532,-147.52349854654082
215,8.00455780973709,-18.609586220021598,153.04282314411444
216,-109.7741246104757,169.75475170615442,149.04320408426668
217,-137.93260376761998,221.4235587331401,18.65343262442105
218,-121.36484787124776,206.8881146035041,-172.50910224259292
219,-31.34642323556359,41.16462851692814,-66.15964290291886
220,28.183150467141868,-29.668210991833558,-51.62079381062951
221,186.8853902360952,-293.96019326910323,-116.75855827292717
222,-6.920438778893895,3.823722721753331,151.8001327785087
223,-76.0536145231092,107.85909204368377,151.43386882023
224,-144.3327070105736,221.61926252881463,67.90935973744324
225,-125.37895517422159,196.32783245494727,-81.03075785187669
226,11.918141096526679,-6.625982414936702,-28.525502546817886
227,12.562307271374852,-8.795455666557887,-38.32388240340617
228,117.66046397247311,-168.61956443827023,-146.17750480344313
229,510.34860293103554,-826.1104713671292,58.40081219556069
230,18.55296324052941,-32.692699041848314,164.73409674758884
231,-36.42110820453837,45.094287705922596,156.22613264908793
232,-126.70147427093467,183.12624414886437,142.18769229592473
233,-143.282986890845,210.57714744714846,65.12034554788406
234,-104.11741060479831,161.62172897088706,-163.92183073814937
235,8.691151755100108,-5.169718233348597,-37.209669325042626
236,35.702551101497896,-33.65320419571589,-54.04532317153784
237,230.66723866721642,-327.0025596888192,-105.22875551065745
238,-16.575610856836008,15.863773644197193,155.5239072015476
239,-87.76227742937537,112.21625064133305,158.39068383954194
240,-136.00989883706376,182.40083171193842,45.70415170379369
241,-89.84801214423194,119.86218978151999,-135.21050044327595
242,-23.83026048194212,21.23467311917764,-50.941670526894484
243,140.85223735629447,-182.3934599037068,-153.07338494666277
244,23.619204133997123,-34.67302362556159,156.74125746329267
245,-83.64607099953179,102.20431620883673,157.28678419603318
246,-133.35503542200547,164.51544614736542,4.071637192871512
247,-26.87308410531278,24.840177356881156,-57.69570672166444
248,11.318395351997795,-6.13929046339226,-35.76883990478053
249,122.9540774507897,-150.63515417795242,-148.01153517842752
250,2.418047154063414,-7.668561631722615,151.8788656851693
251,-79.62994363118673,89.13926295643084,146.44729332355146
252,-145.25179743802443,173.75199027019028,99.2652286037129
253,-118.85751461719485,145.15057979635918,-102.43607077450892
254,-61.31782121271297,69.48554204384259,-95.69528598333106
255,19.01482623958153,-10.371011413296452,-34.74948027014292
256,174.6036327747769,-213.67795604540726,-146.1386269374526
257,60.10499872288145,-49.46397617820805,11.014403637239553
258,-19.844854024052406,16.7980118712616,154.09927421547806
259,-60.08937881582111,60.56293772372933,154.27080150950695
260,-146.61801571438787,162.40008707844308,118.61479542692095
261,-121.8094910205408,133.35689057639956,-59.21012370858008
262,-29.78664113959472,23.29387504748816,-54.09854144401221
263,9.930622107756642,-4.518731912045077,-35.092512866913765
264,233.25769201861814,-271.84946275414563,-119.30737374613575
265,-80.5853631482348,80.54259144861828,150.06672150219126
266,-139.54436455898485,146.75738846031808,79.70627992784074
267,-120.6654591133808,124.53001756234141,-35.83621208793884
268,-18.72566319181344,8.78693699452846,-33.883890427107964
269,16.594297092437483,-7.994333217404406,-36.675424336893116
270,30.542705620688928,-34.43204723450607,161.9972970864748
271,-90.35184668864845,88.1756524072075,155.10324101368283
272,-123.25304575724856,120.50127525120531,8.177821248599644
273,-113.42746405910165,111.26848267531051,-46.01359476558522
274,-40.111419087240265,32.06843855005786,-63.14816903264009
275,25.958997702584846,-14.348109888916621,-44.68188230109687
276,209.7204131686257,-215.6232285750236,-140.2043098695734
277,23.49868244140316,-25.934181029307446,156.06805041653843
278,-44.80778163441941,38.93423829682407,149.4168945710611
279,-142.17430288158215,139.3210828676179,115.81878253961519
280,-130.45916163980993,124.11932205664148,46.94527417722383
281,-108.40097394902874,109.06147628336862,-125.64512391789947
282,2.3038594661928196,-0.7449791838421315,-38.93267644860315
283,27.20596282539431,-14.145687899235522,-46.46903406008873
284,250.50890310824852,-243.7782012373747,-35.67044548198246
285,20.120046559538427,-0.48355648735372586,13.562875863688934
286,-12.0668795988949,7.305224239170958,153.4045081715713
287,-58.10384712951472,48.09388657771268,147.69932271539443
288,-131.24302370586372,114.91325018525231,45.14671943409861
289,-119.8389768007164,100.28570949586472,-48.04438408108979
290,-51.24018339302943,38.37229182283842,-79.01868997265899
291,1.2732578051208265,-0.3362421669732858,-36.97655684033937
292,87.19901378389,-69.93639942370655,-103.44211483149924
293,-107.73094832893813,94.25446509915037,342.39969421309365
294,4.07118697667116,-6.854638307700499,166.9013364937027
295,-72.64376368376145,58.67686270293288,135.6169136430531
296,-114.4238012664491,93.3027328080732,126.10916225214184
297,-141.34302935031326,115.46204216239596,25.968330799382947
298,-92.27289445435152,76.85510372329253,-114.96236439621967
299,-8.103025396728727,2.4988475793988316,-33.80643624941675
300,18.69128123475834,-5.842381355416069,-32.417385044524345
301,184.99476574700063,-161.43796303499215,-162.58346750528375
302,39.85252090890613,-29.14196692676013,97.76682149659247
303,-70.50890059480786,53.21797116358738,151.77873918662021
304,-136.08516820250972,107.70272897544871,91.37134241992219
305,-117.6340242243432,86.8855172715111,-0.3707483574939907
306,-114.30148357519136,86.50270145927746,-48.70204792663658
307,6.0338632720071494,-1.809549929919585,-35.661520164144775
308,27.180242064712022,-12.260374057487809,-46.84918164304764
309,224.5893625957065,-192.15185240456609,-130.8911397647938
310,42.647594050188104,-33.48804326323421,156.93641287429148
311,-34.85971936186678,22.687547936601863,152.25986337584789
312,-126.52137790932231,89.44069398593429,64.33460434399471
313,-121.04165282434005,83.10264535793215,-20.77671503746715
314,-112.32953611850816,78.0057573040253,-56.186521746553574
315,16.3339068088909,-4.930002923323022,-37.08771544246033
316,31.89756894968242,-11.553249141930985,-41.20492920256561
317,246.5835304897443,-189.7775402801621,-119.2076305337367
318,40.72172738831323,-22.268132463892748,69.19752070803374
319,-7.682925281060172,3.06417053122411,151.78078407552374
320,-100.87505525157347,70.12029352783843,149.16736751250332
321,-124.89606654047864,84.1433356024045,62.16734990898613
322,-113.60141253674095,72.83588575527828,-25.251331851801847
323,-110.18459379680728,76.22953714957218,-120.50052910136279
324,11.927472106130104,-2.7603160614663387,-33.94292027717841
325,143.17057228091852,-99.63828840173996,-150.5336619407452
326,242.2471047095778,-179.0064118650364,-126.88915352841832
327,36.78899016027536,-15.483536207792753,50.625570927698924
328,-2.8279895376445494,-0.2665799249364853,155.98017406019198
329,-126.81692744470018,78.48007690429633,61.24414816550864
330,-118.05055180019816,69.3959929522241,-17.142793257696987
331,-108.7181409568565,71.14875239700858,-112.1889329016445
332,36.171372252738514,-13.3775028965539,-46.76740316547657
333,244.5279174969401,-173.8169309029684,-120.24824455585583
334,41.07049365471263,-28.22120485702135,152.9847139492131
335,-42.22823671466546,23.097944405860478,151.73978759469827
336,-129.5741978412933,78.5757942121575,143.5468931677513
337,-125.23559874854932,68.26722163744115,18.933079262009155
338,-107.12492235000519,63.1018705049208,-102.73381538696555
339,-2.6442941508015396,0.09693810036761694,-27.043241299366482
340,3.2706986120678305,-0.7153202642109504,-35.881751347119945
341,89.02404029556537,-47.67864014268365,-87.24632402981499
342,65.55910442148162,-40.17994082320149,170.82178134316223
343,15.66214947182202,-10.236352955723458,151.24857325982885
344,-121.16060838306555,70.03602650073024,146.83060891097526
345,-123.3813602119045,64.36054416341642,36.21380252163191
346,-115.25375198011074,58.909128448231705,-36.498557972177316
347,-20.090315669384896,2.2009115287029544,-28.344461123106093
348,13.199631423398646,-2.3159546404369387,-33.781292644481425
349,166.73832522897902,-96.10485161520482,-143.71735037440772
350,246.81866095552553,-148.40847638100456,-23.077047711480375
351,78.92694236798926,-43.42648790544483,132.34983124810168
352,-8.018809554439526,2.847767128037594,154.7726308101067
353,-134.88656525190416,73.89752711187388,112.19233121823211
354,-118.48711128031117,56.79913857281365,16.97858207026499
355,-116.50458930973943,57.885794208071225,-47.92813296054196
356,8.047216057970868,-1.132948301437549,-32.487387365290985
357,31.16610442152516,-8.84437195178875,-50.42734854692432
358,64.44796668149533,-24.942208163871538,-61.175976872651425
359,299.97439453687167,-178.2124036434696,-94.41931155235235
360,72.29821517465761,-40.21570479992247,166.53945408881924
361,-18.660718032321704,8.236457650350877,151.7969577557213
362,-116.16778961364497,61.36170272634438,147.27882107639215
363,-121.61547747601034,52.878518140611384,1.1967679796709003
364,-111.52585799686489,50.670568395393225,-63.485342532416276
365,-25.645830702596225,3.724912795909338,-35.09279302453004
366,34.417153611370665,-7.898724399582044,-42.03490873664616
367,235.6170170508854,-130.25676567172323,-127.99035158689055
368,39.1164896803087,-0.7833721173511159,15.469857970776163
369,56.83395533305967,-27.185182350709596,161.94770286891074
370,-30.847230882655374,12.851114248749386,154.97463703480557
371,-129.36688383160427,56.32727168656908,79.97628280461753
372,-117.80812519223873,44.86507466400518,4.6925519996292735
373,-116.58203749572347,48.580022018360786,-65.58090579153958
374,14.70904765872003,-1.7748881571701127,-34.57692747967438
375,10.897651294951023,-1.0250800363491366,-31.14925464364461
376,86.36183741828496,-33.0530361841803,-74.46358907815923
377,291.2364962668441,-144.3501614926528,-53.15236215894862
378,84.87920988733606,-27.10359142868634,48.24090519060176
379,78.24683241561833,-36.38200685661049,173.90433966505566
380,-24.177844716031405,9.347077223238589,147.0655974401051
381,-131.87699623336613,55.180526341834415,84.35714655205614
382,-121.2318521703151,44.38897587836367,6.718064444074139
383,-113.11295064597542,42.74796453703651,-52.49270373937608
384,-30.568039569303018,5.217506147715275,-43.89545880404926
385,9.787029541235377,-0.6722752679273172,-30.294628903774523
386,92.42546575626196,-32.555887386640485,-76.47508545920881
387,129.6799203780247,-46.836314759731486,13.058005689382842
388,127.42109669820807,-51.05176980146931,87.66489581537724
389,67.9494992233427,-29.38969035540887,162.57885090829936
390,-28.306120252495557,10.729720386654058,154.49838834397397
391,-129.27070981010297,51.115039876890876,84.81114843023083
392,-121.03112991975297,39.22902918047392,10.23736793523159
393,-116.22727223380394,37.133431590588785,-24.00564747706327
394,-27.97858205167147,3.078697309547218,-39.664062552473055
395,5.362465048465746,-0.5840729706129462,-34.74691438132628
396,96.60156369265293,-32.63912679094247,-77.00826208958168
397,142.88778275541824,-51.41491066097535,14.531652478705258
398,125.86786827032853,-46.78484184783569,78.99532354064166
399,72.53236131914538,-29.873479981393288,164.19430912554043
400,-71.22805846254722,24.627856209694418,150.40569761601145
401,-130.09405380313717,43.55564930755111,83.04494799271394
402,-116.75895781780949,32.14395505551736,7.759916605262925
403,-109.7266983274275,36.95778092536094,-104.20864640977683
404,13.455759837911483,-1.1647411586006329,-37.83380225008416
405,35.52117021074134,-5.394002683908108,-47.29345714063347
406,157.34843696291375,-53.14238556550191,-29.925730205613156
407,135.62020325969064,-40.61203666139182,44.61852557089811
408,108.00047668688298,-36.00761501056805,128.22421895376982
409,30.55378822939106,-10.41041294719987,157.74960039351595
410,-118.93803106329435,40.93412946361731,149.63045605336558
411,-129.54262866749335,41.5090225526331,92.28431255279048
412,-119.9696945072575,31.535300708228803,9.786834313163455
413,-108.6561448145928,34.152986463845885,-102.06098132977718
414,6.54013848145748,-0.5240336956270761,-35.655776684604724
415,30.094111191602703,-2.715283234261906,-40.98877623383064
416,140.2813791140202,-39.221578947924115,-27.70372557380984
417,135.2329570954019,-37.20465876986789,34.770212533392254
418,108.1267488487503,-32.74064423639696,113.06177011445814
419,38.71676141418191,-12.084460401059967,151.25649372192976
420,-105.31510331841629,33.91946443690339,152.16847246489777
421,-122.12083377432239,33.70576893189393,61.240017249939875
422,-116.57007375070769,26.759110001914877,-34.390705158652544
423,-97.59663901490438,27.711505486612538,-121.10069531360284
424,18.68199194737931,-0.48599374354691505,-32.84416828111879
425,112.96600129882042,-30.835093220227876,-93.47231377524294
426,123.76704755529222,-29.236092149403774,-21.374381119287293
427,118.29893378670626,-27.529145393402565,35.04235342209151
428,99.93712350001476,-28.011801774257755,114.84284291575115
429,-28.376293622402684,7.97529855899276,148.57564361051723
430,-108.21815386575602,29.26725775179292,153.8262340787112
431,-128.5227137290327,26.938679374523332,26.220416854195626
432,-116.10825741318514,22.01877884618904,-28.16377130466452
433,-109.21487541575195,26.48800893593636,-107.65219572698406
434,12.841461987148772,-0.26390428114058884,-34.91639815127728
435,37.74386685696512,-3.376433544024346,-47.70604553413532
436,125.44909608160025,-25.613133627141465,-23.417530509493233
437,121.0953004646792,-23.209077381837947,9.617781519974866
438,106.28499885345624,-24.639757479339014,121.16300448544915
439,28.594322113970662,-6.667280607868147,158.20517621374185
440,-116.3624004141647,29.357363529711737,146.70669632462406
441,-121.72814934443784,24.177002790053816,51.862109668914044
442,-116.52852953038804,20.55189488286048,-33.74771586634438
443,-109.15861598905916,21.277660665115512,-69.95538428245872
444,21.984104753258265,0.022864690868171555,-33.09358497812811
445,113.67090040627886,-22.835738730528046,-88.32631863746448
446,117.95548285406707,-18.06561259087711,12.598235151453292
447,116.44090283995001,-18.822947882085213,37.40971821836056
448,94.8103532477949,-21.703016265593543,154.41916288541503
449,38.75756814667142,-8.434895010733522,160.64067393342197
450,-111.91428201343219,26.11552122164799,145.28685056209682
451,-122.45289011686536,22.771188199869915,56.90475511683351
452,-119.04037942540344,16.41080178237332,-5.92478213675217
453,-0.8070494726701076,-0.22186880314261903,-135.0290721473136
454,46.23456270694339,2.1245226705835902,-19.837728303951522
455,79.67073193331413,-5.573615002015111,-24.840811476079462
456,110.94166910251822,-15.649613139297802,42.669400950472394
457,75.82419996704812,-10.819303367157335,82.02847366426589
458,11.57288213606862,-1.7398652663349636,132.76959633857305
459,-108.088972176425,18.14485616252778,116.78346418389685
460,-186.1400882173079,33.89391433952289,63.26742077994128
461,-148.02625209143847,21.200883106513075,-14.08484014776157
462,-75.08586991299191,7.793548018082022,-77.00981213703754
463,-20.257424897242725,2.589706725770366,-136.120188614996
464,1.1011959395639592,-0.2908040363012175,-31.979724834888103
465,124.27316438226856,-19.283124749696753,-83.0199439344513
466,123.26653891013797,-12.203900201881636,-9.570575390599974
467,115.44727610724883,-11.449665982104973,42.31354736980773
468,70.87891326003947,-10.896217334400445,162.80913254785128
469,-26.581199971313673,4.563731125223665,150.99903837380384
470,-153.41531567933572,26.165075886966957,123.76771248146788
471,-131.04581898222534,14.841876090538323,24.099708516875364
472,-105.32433247014325,10.207360036815137,-55.77140316465851
473,-65.41239042084972,8.388073227907793,-124.64218670904646
474,37.265225309107514,3.4301343550025507,-25.187708535396716
475,122.77012313255615,-13.022931276539275,-55.95174691553834
476,116.1980490222512,-10.952760835755345,57.94876933779939
477,106.26260160961179,-15.005974591967716,150.62820519007744
478,-33.068693627115,5.1229937753684265,152.0034739520987
479,-130.30710147524815,13.90788083026576,74.19967042113853
480,-119.55722318571442,7.540259503805191,-14.226517211242877
481,-108.61056372746204,9.343244198168518,-78.76148487886145
482,28.781991955095652,2.3173511147140085,-32.01813062212931
483,38.92657345930257,0.004939301525771211,-49.47921096955923
484,125.60077058571936,-11.812426794862906,-57.411377276332225
485,113.72238527433841,-6.753074593309326,28.321761447149676
486,106.7806323481312,-6.240555365755201,86.08889720901989
487,48.01578109667686,-3.6294660573622335,166.16635303049898
488,-36.74401968514108,4.167789679056708,153.4096932078509
489,-128.5435180419157,8.991723154763417,64.15996917617123
490,-119.52565610982934,4.13462073348655,5.783132835219708
491,-112.85411794363708,4.820316597493713,-53.255640056915404
492,3.3797598828008892,-0.07943625941522398,-36.883802691738474
493,18.505951644161158,1.9083406422322908,-33.828913751073685
494,131.1395453320516,-9.192701372936071,-90.58959387467196
495,116.40925189522383,-1.8229713320275325,10.446699693749459
496,112.08786279687082,-3.0346299218179915,52.7432475318735
497,104.36336974333538,-7.685468005857833,152.20235965415094
498,-36.5925872337185,3.6438421269961836,152.43423999823526
499,-128.9329355092905,11.825756462785513,140.89657841049447
500,-119.92683400606877,2.672742834214281,10.873342136071521
501,-119.61508378145105,1.4348234484329805,-35.67161295322445
502,-89.5619643312221,2.7488621777467674,-106.99743012614165
503,27.437860540688217,3.29642662630447,-34.45358824883606
504,145.83126290799999,-7.954908886271184,-74.4737945588465
505,116.55328340424772,-0.42394190925531217,20.35055048873052
506,86.23333898030396,-2.4826965004275956,106.61178004082419
507,28.40727515423963,-0.6794740282726004,171.46411730652028
508,-63.55250718638903,3.7056635647185736,144.4262192384251
509,-147.2260798101495,4.979746444255644,57.57551588406843
510,-119.12202410406775,-0.494482874735418,-31.678584962350115
511,-88.29668910163169,-0.8996416849524834,-70.59288822577959
512,-21.24189791498798,-0.854289494258741,-103.8598804221165
513,17.566772351207543,3.109352262002687,-29.876480533302846
514,128.32041673204773,-5.330252097020445,-95.16780939274895
515,122.33675562946759,3.51055122434223,-18.32872299038663
516,116.15017186919603,2.6363284021158737,62.21176485564906
517,102.29067196876849,-0.8630316411130763,154.57840950607624
518,-44.30554630025727,1.976135078508517,157.01677961227855
519,-132.9087114007172,4.222683433874741,139.682392186626
520,-123.77768256773408,-2.2224213775445527,40.120427093337376
521,-114.01454718900882,-4.189684424088041,-35.488033013695926
522,-99.18270050561631,-2.592182640403459,-106.8732699176477
523,21.60168275629125,4.200781199351698,-32.92456628537072
524,117.25912945899083,0.6383318651934256,-96.01970623594075
525,119.24349093602495,5.934341026015216,-5.884409937553386
526,108.45762517369312,3.9681017554552485,75.16057643609597
527,73.62982629755804,1.0565363317787182,166.47952080490813
528,-17.659886507957538,1.3153520318147043,152.1040005875769
529,-131.23565848306373,-0.8295401764740555,118.18518631471858
530,-122.6113075411894,-5.730116446746678,41.92468105513817
531,-118.6170617909749,-7.836336725036099,-12.298268619922265
532,-107.51919069689642,-5.502820100236505,-77.32946455240132
533,22.359235630207888,4.377076567041919,-34.76842832158298
534,27.88209404838897,4.011881018191195,-43.609425354834805
535,118.82924977389422,6.138884777093806,-38.291463719521154
536,115.33736993535832,9.743623446721937,11.906358389300818
537,105.25330978577423,3.988283613452269,159.72782520584704
538,13.546298136723113,2.0669150845595854,155.69143851737093
539,-60.893926746190154,-0.268385504147304,155.79593132584696
540,-133.5216061560678,-3.7618685347440852,99.84840405484948
541,-120.83285878994799,-9.279628901050913,6.069290810327993
542,-114.5871777258738,-9.057304512914524,-37.744816580358254
543,-88.91566331217561,-8.538442360226929,-102.33639999531529
544,32.473478130128534,5.453906075564528,-48.294127432938055
545,120.84962410023532,9.068853143719258,-73.5436350499509
546,120.04520977789524,12.811394159526825,-7.811660381072404
547,117.32780994956637,11.232739598328758,65.97780681614114
548,95.01970195486153,6.976849573797717,163.3653649597178
549,-48.80778291039027,-1.4920602752714258,149.7950109043504
550,-133.00687336314243,-1.9488452066523219,134.63505995207936
551,-121.48517906636623,-7.5736098879184555,41.55733577625084
552,-120.23989689542994,-9.222487903149322,-26.565867211633922
553,-41.66362000216202,-6.240811513191236,-56.838668635560694
554,1.3420825513435743,-0.35441741924210785,-38.975289642519876
555,127.87697019950646,3.6567301652873883,-102.47073028791922
556,115.36829223123084,9.1016855205971,-18.865227171457832
557,114.80383333044874,6.771998549165822,49.9497494758489
558,106.9812398638984,2.9206301636797023,137.2296894005648
559,-33.0135341593598,0.7902954379869318,150.0681431582558
560,-122.5670139321348,0.26093264173928277,143.31798101566326
561,-119.87724401242137,-7.553986018056268,7.647689887106781
562,-121.26193738254888,-6.994664272524048,-38.31828077849793
563,-65.11146809482315,-5.005889708260147,-82.66416894492724
564,13.429623720477643,2.61251106453183,-32.710904097483045
565,122.34975929089632,3.414345542959122,-50.63625289144482
566,111.47882762008604,5.781720432432866,40.14598490999039
567,105.13944749058402,1.5519326520135772,129.0715491823086
568,16.53893648018869,1.5038479767163135,153.50484550035966
569,-132.29632929288337,2.194639078051952,138.9334105095165
570,-120.0902005264411,-2.4803214206695907,40.71328308251611
571,-115.32658524646794,-3.679099115387799,-43.817565071252815
572,-4.865010237302591,-1.5395320547864255,-36.97416277358912
573,13.83383117519979,2.3703821480340697,-33.66977158484711
574,122.44383798996957,1.6524916062120563,-50.61699214668299
575,116.2299215166695,3.688219556942778,42.2028424689017
576,108.89359529468967,-0.25980990245541635,129.125171477317
577,20.041847624301695,0.34953201686332136,157.24849846034942
578,-133.55929270651268,7.774889170929845,130.23959415467283
579,-129.02118830338068,1.5220959542122847,33.531724062816075
580,-121.95777809210279,-0.4225633381109117,-23.2886716805454
581,8.734451111495193,1.1942662821497683,-32.4096608491564
582,38.924470824443816,2.9613952017381715,-45.07082994635948
583,116.95994711522499,-0.3022374697280122,0.8173801548892334
584,112.5283483111597,-1.2203333197221196,48.628125140217
585,80.33154149097834,-4.342604235562257,165.13758781730147
586,-85.65502173117189,6.328100083636424,147.5354709872733
587,-123.04774411260406,2.308944074297245,29.622509151618512
588,-108.45172647491763,2.6473020050372327,-78.06540726772873
589,0.20179998168763058,-0.4828033719734388,-35.00551683497082
590,28.983588705344673,2.341799161456201,-39.24475289554862
591,123.15112763652564,-3.1764180891118805,-9.51737854235962
592,116.25492755003884,-3.2144604754091546,46.35980415916655
593,39.637491787806894,-1.9548967770998642,158.67022646685277
594,-116.84363286802777,10.791863711213518,147.7740631707917
595,-124.15451628196128,5.611053692306273,51.462270070605854
596,-117.9492496744671,2.07053147593217,-2.4562122586989625
597,1.1700206857866924,-0.3089792885700452,-33.97845763706861
598,25.151337274977685,2.153382788703984,-36.264383191475744
599,128.61105291605975,-8.63645444215011,-58.8826948168844
600,117.94866059819549,-4.133510494444733,25.933140595450535
601,106.09187747173794,-9.502743677556927,148.9131570645317
602,10.389511000542086,0.03469750024945939,156.85916580792906
603,-128.45497068269847,17.1960327832988,130.72951587617052
604,-120.60229209480144,7.687544550057761,-2.5462548907592257
605,-107.22531524148545,8.80406127369,-74.61823326608973
606,24.02695366068934,2.169051213104964,-31.430471215520168
607,37.94347030998513,0.22435676901008222,-47.731915733118825
608,124.49553987745816,-9.213407963726299,-20.56306900890774
609,117.06433815320314,-9.017483179458134,53.629353169681636
610,101.80833066190948,-14.190088243673573,149.65592112832442
611,-42.87224764862321,6.516485401612935,153.10977593779924
612,-130.162589918561,20.2533202142647,143.974168533503
613,-121.99582811339775,12.114126226221344,46.113908588137086
614,-114.68706076756585,9.218236784321537,-37.91444255440199
615,-22.446338777662138,-2.9783424291983565,-29.766074660129288
616,4.097797926870577,0.02104904401761626,-32.834755046548274
617,124.10341313024199,-16.542978866930973,-73.25952577815086
618,117.904477285455,-10.862633393359998,-12.348312340632031
619,117.77309248553776,-11.566292424110513,35.391101937876506
620,93.05004608136684,-14.890901356218551,162.62121917465302
621,-42.520405948665584,7.044617645210719,152.1383210637921
622,-126.30824098312353,21.627437211818915,145.21704494133772
623,-121.69388525248547,13.903324256151736,16.487491941147688
624,-107.2653807523692,14.731331672142785,-84.57397568370108
625,-0.8763601090631528,-0.456385194503571,-38.02695543726376
626,21.221414687234482,0.8150761020482665,-34.283036858669405
627,125.43515942722236,-14.609657992141862,-4.443412484288322
628,115.99614654283272,-13.574354432418167,44.77947091924929
629,106.94595219172943,-18.040905053711036,134.9059128969134
630,-71.46955408195397,15.086283332364575,151.54025064577615
631,-130.29267531495717,26.936277146153724,111.8754648546463
632,-123.71112814797051,19.155498185079622,30.423797506064645
633,-118.7359860459087,17.799958133263647,-40.185322844219094
634,-1.9600636840678078,-0.4418479722548779,-37.036193971678955
635,0.1954340619374011,-0.3715608577502469,-37.00771080998844
636,125.49596870163316,-22.718802013196058,-44.10397024979467
637,118.34067777904654,-18.30151526589881,16.07020926378336
638,101.60586590339814,-20.99957543785631,114.07000970124693
639,45.20012577969276,-9.907662188912555,160.35526147151384
640,-91.25002139852845,20.975593293114798,149.12585348180977
641,-123.78232987870757,21.789084861035196,38.93817166801649
642,-113.90837246271604,18.065104609944413,-38.310314036242815
643,-100.96950958755616,22.3045791997671,-109.40595683981388
644,19.226355761177526,-0.4476276113111015,-37.808731007873575
645,95.00196847303134,-18.73196568703209,-79.98552844186644
646,118.86379883088742,-20.33708311844632,-5.867777551573044
647,112.63522695529122,-20.003971583615797,43.94024967061627
648,88.21286954378667,-22.189886294833283,164.92117093786234
649,-48.22036500910372,12.375424212304813,153.57277932895295
650,-131.88760720993636,35.53867614100878,134.64387110743573
651,-123.0671133005555,25.14287992328371,30.717302617498106
652,-115.35749291486067,27.98583014829203,-102.49675553038408
653,-3.0508462802712226,-0.332394455658515,-37.035301570270526
654,15.376085761340455,-0.058976311083556915,-32.48097104634873
655,133.9524068115514,-30.891783801327026,-56.17654337462415
656,122.10828688731213,-27.874179042342547,2.6768966685050786
657,111.61510208182929,-29.834083491789524,89.01642672408535
658,12.64939951163881,-3.800084933129056,156.70905786781205
659,-63.89000918478031,18.708192482907524,153.73935416798227
660,-125.90220253824374,32.25287393381032,52.6832150581409
661,-115.12592510920616,26.423134045070693,-37.75932402877567
662,-80.04944111081271,21.04307785409805,-107.8657281358545
663,15.166207054044978,-0.78078376739791,-35.54521315855961
664,148.1462715497944,-45.51299113848849,-77.73490741784654
665,125.95976958780984,-31.91066903247093,2.7589073698567406
666,109.83135979230794,-31.509794587183215,91.37965587135348
667,24.675854445938782,-7.885383314312566,157.6051052773379
668,-60.27365390262708,18.621609807021454,153.82734781744145
669,-123.96688465316439,37.13275256869689,65.69661756137415
670,-117.80946529866176,30.356148863629098,4.301175144237968
671,-106.77753100837798,32.89168727355829,-96.10404562080856
672,1.135608312675333,-0.29989166243563126,-32.97909123597836
673,51.28628656934272,-9.258394498935589,-52.900978133970696
674,142.89107806377444,-42.579093665896046,9.74257294180652
675,129.63395845639118,-42.33427933270214,68.267645531426
676,95.74291011671215,-35.75588680560759,164.8715918699529
677,-100.94978517841028,35.843797487212775,147.15502548340797
678,-130.16040532067976,42.864704189983165,73.46488691989808
679,-116.75895781780949,32.14395505551736,7.759916605262925
680,-56.63328032039202,14.055460510757209,-73.42036664716954
681,22.573283605619608,-1.193528539022448,-31.90788512970375
682,143.43087010788045,-57.27140831114751,-115.7297082031318
683,165.5500461729679,-63.95927163357422,-26.796729312556376
684,120.14571579520077,-47.500566901004866,118.56526216896614
685,51.82801064691233,-21.145741505295764,160.92477189384527
686,-34.017600179849914,12.447891629802868,152.44284895776696
687,-125.96146154608473,50.83325000855953,145.80584998281498
688,-116.0221511321711,39.05185868220779,-16.788796636071886
689,-106.52840659178143,41.542368982801385,-95.77499279482942
690,5.352723462993172,-0.6316563656321641,-34.74681713067821
691,185.07690435228224,-82.17661937025994,-129.57838509834443
692,159.80275321012726,-63.98808341005972,3.4475627467477206
693,117.0964816166145,-47.7096013275919,107.5774091437181
694,57.1384053027275,-24.512740939013906,159.13136786016244
695,-63.283398797342564,26.479236397730265,151.78739680614137
696,-120.46404917881011,45.86141936532164,43.460235000424404
697,-118.12782479519988,42.93043856754869,-19.21972085312075
698,-49.4226606047588,15.164906247786158,-69.72659041941523
699,59.12373717039266,-16.549835329567955,-53.803612315698025
700,272.0824887736114,-133.6788698773253,-86.17051170377877
701,99.36083414435977,-48.31437989263439,165.826792406956
702,-63.44005330788668,27.53164729140258,145.1643632667726
703,-148.42896767616807,69.33872627005123,119.64516414555908
704,-122.44181907032849,47.98686485942218,-12.400425731310133
705,-84.0538432811261,35.773292558954836,-104.31265389799658
706,30.837292860432584,-4.272225169104885,-30.09597450011408
707,164.63537673720816,-84.35949179536091,-88.62403055519943
708,288.4694697302872,-163.85992345656678,33.34067411681149
709,45.7521789012911,-10.942998150399925,40.18953956680408
710,-16.28669929768172,6.777596962383706,154.0980078797911
711,-146.21745229432204,74.74203926918503,120.32865643855955
712,-130.83565809466984,62.92697524139094,28.331385245639332
713,-108.77553456833023,48.91568669517111,-39.04828523161429
714,12.897288964686709,-2.2512801456035807,-36.860902886627414
715,26.711436718515113,-5.523720598325757,-38.63678749051813
716,314.09876076531003,-187.59525997724333,-73.4151093345783
717,79.70654749233051,-44.49275945512281,168.36510082428305
718,-96.81407891029319,52.63527618727031,154.00642971778544
719,-125.57178761128029,65.15970460116208,71.44026828369239
720,-116.48523788916219,55.07270774045529,6.88895368335329
721,-21.35369519720256,2.2926306753645305,-29.094009016188124
722,16.92723793142835,-3.141735112090051,-36.11700775416761
723,171.20401943949503,-99.20342342305551,-148.13072608986892
724,78.56814960831146,-44.82267358519045,127.54749801781975
725,-0.007573740309811505,-1.5413344694459663,153.0174946927602
726,-134.57810827128026,74.78027399813396,75.59814941915123
727,-123.97369351341526,63.78842192554266,7.702381485287707
728,-109.3281802451087,62.63696028718713,-112.15826765344728
729,6.711262372287272,-1.5775056751242515,-39.627609687359694
730,223.70276670323932,-145.57706520716235,-144.74720528289936
731,83.24682603516247,-33.69041763037436,1.9679175838597387
732,-10.51677449896393,4.443913527327491,153.60121713195483
733,-93.81769847034553,55.20075959913863,152.37085722701624
734,-125.19029658933782,70.88553628057129,67.09023184954354
735,-108.79626257231544,69.5659824864454,-96.17062064518498
736,-11.194092864444087,1.9149166504052166,-31.60248271861539
737,15.623443304992433,-3.2150156691191287,-32.29508360287627
738,273.4635978367562,-196.94018093868613,-27.8155637041326
739,41.22433723345217,-1.7639018933359862,10.316176769999979
740,32.97608365848692,-8.916946232493885,35.22868049654042
741,-76.08663088971241,49.35031484799398,148.4983987936791
742,-131.8770760515049,87.98832263277359,92.80256209198998
743,-115.41926873779563,71.85769241992207,-36.48272474587446
744,-23.776151237440228,6.401540237490161,-36.245337292519245
745,11.278174912674793,-2.8267098535711654,-36.046929311112926
746,134.0350559760497,-91.83402238341398,-134.26438461187493
747,25.957861406209332,-0.20290983253925882,14.115540516431114
748,-17.957027316247164,10.118640392767992,155.7913785031157
749,-137.71054022494488,98.63970261275708,135.62424467555482
750,-121.17322556151272,78.78399061993119,14.990857549846645
751,-108.14973985583094,76.5416190044477,-106.68809821992681
752,-0.6644369619771615,0.30231669486437235,-41.026630529898924
753,45.52727965481934,-21.798654998466933,-49.234465788380554
754,190.04863994838294,-146.16389377129434,-11.487545858355224
755,39.788720867663905,-31.301228125925896,155.82356344660624
756,-84.5389955873959,60.1111259522141,151.65918347292953
757,-125.19485630002943,86.66254568451588,30.640633174262252
758,-113.78756389505429,85.26994683513794,-40.8249617648214
759,-18.85858821027453,4.052800918564802,-27.397799079137616
760,36.015722121201904,-17.56919169531831,-47.99480876109631
761,250.01388390536508,-216.68425426669432,-33.28790143251113
762,11.201015239175653,-11.306176827713703,151.45117417197272
763,-61.418797802182254,47.530508536795466,152.19574035758706
764,-134.94173645794532,111.98594212507876,112.96778406814546
765,-112.66349404219639,91.48450438926426,-74.7069922899559
766,-29.01351033205369,15.640455373134522,-51.9608525720965
767,4.88511950962317,-1.4342773653088514,-33.7574236439229
768,288.1430370150764,-262.91911402120246,-73.22279822476963
769,30.559062520788093,-7.627130760296407,23.673154541386854
770,-70.97969656796187,57.859793165516656,151.271586226565
771,-128.23654193033113,108.79812186847084,88.45011128026562
772,-119.4237284631409,97.16281986504717,-2.6207665226647254
773,-4.1243532785887815,0.7803224530224028,-26.023077535713263
774,20.988132517491426,-7.6892392867297215,-34.70591745935897
775,41.27052594405649,-12.321184392135487,18.8791288576327
776,41.860484073104146,-40.498042411529,158.83785682931824
777,-139.47260551530363,125.592801829762,104.14214565497082
778,-121.74535749954141,106.51127393394245,-44.267204766621816
779,-47.29427086443461,39.53724933924755,-75.65528943241661
780,19.65585159607192,-8.636272497339082,-35.91588075894535
781,252.8625276260875,-264.93971948525905,-101.43718367607357
782,35.21360523304146,-32.10324326901304,99.31581635512848
783,-96.92434712713748,91.84558255580417,158.54281330974584
784,-128.67906573126652,127.87813023773593,70.52571146728506
785,-114.918070642004,111.82969371949184,-30.342729030824984
786,13.503001661785131,-5.482080340107009,-33.467065688113735
787,29.54882201644048,-17.436641567458643,-43.882828580314225
788,168.70575977326882,-175.70171312429468,-20.274910082486972
789,27.40108204322142,-30.882392472117097,155.87047546541703
790,-129.6763253247263,136.53719634055744,142.65645844382271
791,-126.76259234526427,130.15245811928253,23.29537891518018
792,-111.41758037964827,122.79633014824455,-136.16501686854372
793,4.7130982433082576,-1.8709193599708653,-34.75757300852717
794,85.52499080831679,-83.22795629526757,-96.39241703164949
795,-15.64252134720013,12.340044891738945,153.85722397812933
796,-132.03684797155444,143.15634885733772,72.7015831033907
797,-117.99354658287947,126.09889306053975,-29.941994237102545
798,-104.20393025928662,119.39424739233151,-139.25439812361435
799,30.093514881007344,-20.673405891370308,-48.25217628040044
800,198.6306140547419,-246.31578968643308,-129.20425865676225
801,20.5578717404796,-28.223651203053663,154.03762938831295
802,-86.9490461642082,98.63349274494985,156.39598989024464
803,-134.90135213453254,159.23799307882186,59.38745586279892
804,-119.38985119962585,148.17032106755016,-126.32070840007276
805,22.829032640359763,-13.474944356052537,-34.166559254879594
806,146.16542726889912,-182.69747001075717,-161.48771568217688
807,-26.727335927350115,26.94338025066936,153.04783632079483
808,-139.99923588972885,173.7587732926926,121.39069498219375
809,-119.51159611116732,151.1775719091239,-8.546108821688339
810,-28.531748649982493,28.895268164381385,-62.50741870629574
811,24.14134998178786,-18.166141574650613,-44.34763972208948
812,192.25999151347384,-257.18159923932063,-131.43924987844457
813,15.564855520107642,-24.40626830246376,153.98882642762487
814,-54.962293311118934,63.89669898281404,152.6032685918128
815,-128.62859015596115,172.24108744052404,-5.995476372173924
816,-112.56978466632177,160.99281359153787,-162.2798330200426
817,28.612110532874624,-25.23805732591428,-51.795708623551135
818,200.07643763537482,-279.79784039842934,-121.38680846219253
819,3.426785337286703,-10.448542313171467,148.74012786030897
820,-57.18967917669285,75.18224075273942,151.07734292336056
821,-124.3778563770128,182.00951396677456,-27.275259697683712
822,-95.55322526937302,147.01177940706313,-153.93786140775308
823,14.050339962843067,-8.578074895513993,-31.973159983303365
824,198.04237174311373,-300.4256223870021,-113.99623590561465
825,-60.945955851171036,84.16641017753747,153.9859956027647
826,-138.20347711508066,210.49763172900222,116.87624027199507
827,-48.39009691444817,67.89716571589683,-84.08144684309094
828,-0.23522456920405355,0.8593047653722429,-39.016866974204966
829,162.70037703184255,-252.11804825314638,-134.7483326708447
830,15.285605282633,-18.79126845597793,59.35654190193153
831,-116.14990699471834,180.81832517298366,147.75312029824516
832,-134.68635687249943,216.06118792538217,5.7565725677064625
833,-30.983649653018148,42.38101418150552,-73.58207341908198
834,27.400195554726217,-28.78621752394951,-52.18035941890578
835,431.73373992148777,-786.9504893671191,37.37283902504141
836,-41.6360036612837,59.28164292755158,150.18178406318142
837,-130.74345288708915,215.52261397280625,138.8280582843533
838,-53.24373793470532,85.48062038599349,-99.94242502234016
839,-0.2207249107233531,0.8648578260415691,-37.016369303505314
840,37.993924970035636,-50.40069189693984,-53.260979416908235
841,57.86484725000951,-95.03317208952144,61.092903513812615
842,12.784321622811715,-11.687442345926868,34.39687812493865
843,-65.95498137375664,108.95971276182532,151.35829381467715
844,-128.46517153629637,235.5544230180431,-2.2171775438098473
845,-89.03714408496602,172.2022222427617,-170.01186794309106
846,36.59783045782542,-48.96808391067227,-47.24061619006185
847,523.738013685004,-1114.9864580853528,332.4621184200965
848,17.16111092368716,-37.085652942942815,136.5519934224669
849,-30.705332952050554,47.16245737752533,151.61958880596734
850,-131.52595705646485,250.13674284501107,73.3570565355602
851,-18.249532268840525,26.64169411853599,-53.93314017974801
852,12.499938595561128,-10.7298512074945,-32.963890916980965
853,-2.3998567236829653,-3.8853910697887115,151.95640933862757
854,-128.57290261658432,255.6403172585124,79.51846191640301
855,-113.32240676091367,231.8850348821153,-79.73516715161477
856,-27.025083191537693,51.49015697913544,-85.45445986379143
857,72.35780813886531,-138.12135850575012,-104.0614922715668
858,394.3034892788009,-904.1538923240581,89.50602178321307
859,10.004748501505526,-28.599757595551946,154.81775120253712
860,-48.55285993884737,87.92119205627398,148.31257689097296
861,-101.97042836416428,240.56487276237672,-75.47928266483702
862,-24.52960863511922,52.16393922462563,-87.9764505836164
863,7.893035810767246,-6.8749419365217435,-31.09767833009439
864,345.68160184576607,-872.5264072462732,68.01709334160438
865,-41.92191183513826,81.56403494906776,152.94818708611731
866,-113.02492237598939,255.68485967658017,125.52375242449487
867,-92.94555938350084,240.4200194798342,-157.56998952931576
868,2.4759686191701658,-1.7336899483354153,-35.899856800798105
869,131.7770862452169,-320.6136922211307,-123.74233107374762
870,-10.456052608677759,12.79985485374126,157.2386082726964
871,-57.58346937576783,123.97794897793106,151.4378094554539
872,-103.4111399964132,261.10924984085096,53.939670595729865
873,-12.324093108629155,9.180413214507512,-21.692885671483168
874,13.248265686825711,-15.638838929855899,-36.072843741852246
875,-46.168589203096985,106.44927623329659,153.5338625834212
876,-99.55055408460545,263.87306795938173,73.74807978837539
877,-74.7391870212444,220.0905871068466,-189.17195688682128
878,10.044545963553228,-11.827389324072339,-36.275025659938315
879,149.79526240429132,-414.97052008424544,-111.04670144586052
880,-14.84312136255723,26.62259793724899,149.47060893807708
881,-94.35245004962053,260.95027282598494,124.75600846200042
882,-78.58674452559305,238.7395843079405,-146.6022901113445
883,-2.45625395100096,2.874330520304136,-25.9846795127579
884,30.758994394419673,-59.91086640512034,-46.84862925794844
885,10.599616711472457,-44.66554397340692,149.8611764783027
886,-48.631067570615706,134.74232250906059,153.40553754069677
887,-74.23133535981006,237.72693959949086,-40.87711107541996
888,-6.6904414892771005,5.948866018699484,-21.644514958261947
889,26.90787289435393,-55.558688556581046,-45.26686824488532
890,202.50530541449564,-703.092190612432,-61.104854722634286
891,-22.249865745405796,54.55532525999255,150.05160954583042
892,-79.64127635308532,264.73787576631247,67.66465002866302
893,-50.6620090990303,190.80278807915653,-175.4520973565021
894,10.668426108417654,-15.82013516535304,-37.55516222811664
895,79.23774845059609,-259.2440260401363,-127.38902250097172
896,-3.5375247458829033,-4.50141294827319,154.9229097111521
897,-75.60641465068385,267.73782121045804,73.07464780637547
898,-64.72702786466482,246.24028876973074,-99.67838115810711
899,13.496314005035378,-20.788732939405055,-33.80775603882889
900,66.94911063758335,-227.94662031460712,-125.4937361329703
901,-3.3631259404737657,-4.284480815560567,144.92669793071875
902,-62.094406086740285,223.2901364737052,154.81126120829774
903,-60.58875388345107,246.59494347180802,-94.33609203883496
904,12.93519524499205,-19.517429532000982,-31.117991003725518
905,25.295755453598982,-61.82372596130494,-44.09650284595316
906,2.9364661053700036,-31.88206890342831,154.6042079487147
907,-52.54375185671079,215.11399004865103,147.3859236602988
908,-41.44445912499401,219.21373513451948,-191.56541068143125
909,11.498344145949547,-20.61236840957778,-35.339077278716005
910,138.27467534731215,-785.154142853811,-28.632624703787315
911,-11.410569257053545,28.18017494937818,150.56295697541478
912,-57.327974196498126,271.9910592331696,73.37281769756308
913,-38.93589282005445,226.603380630784,-190.49668502935435
914,8.568083332467584,-14.624552549969783,-34.02077619493171
915,94.35021892918142,-558.9149481144647,-97.06203882349921
916,5.428490897532932,-29.200261327943263,80.83298350328735
917,-18.94058138709607,66.68814162073316,151.01146296505073
918,-50.64223647170574,263.2558234821903,38.95433945023239
919,-15.05445447825797,72.03538165701858,-86.17407433035638
920,12.645935352120814,-29.381041433840345,-42.09280254917507
921,21.35362274148694,-40.306767230124905,13.222164196320515
922,-39.87506258523317,203.60732574041614,153.71506767672827
923,-42.92789281921692,243.76837369303794,8.035819176592495
924,-9.164571223771645,30.918292966536317,-46.9584406061189
925,21.908632535987707,-84.76252297284681,-77.29810934223329
926,60.861790056651415,-593.3689589433824,129.6129990512116
927,-8.696739726719722,22.640418571309837,151.45049695904507
928,-26.479933491147463,146.4493002682217,154.1286082746894
929,-32.298900631454224,236.63845410480317,-41.31709299367913
930,2.6778986392863766,-3.735909001150825,-33.812497879221915
931,18.898474238045026,-85.08949504297232,-49.76220338010054
932,-9.790721490059035,33.56406512052702,143.74833511890395
933,-35.84341151664857,286.900098702914,92.6676968839193
934,-18.02652433439395,203.45494948666342,-178.53795634804223
935,1.771510372621952,-1.8272247377085546,-29.92311705372116
936,35.09744907116905,-347.8945104898128,-114.04190465889815
937,14.012671587615737,-155.5448255730831,127.7732534944851
938,-18.87846346189015,116.47301058609217,150.10086361773693
939,-29.2541156783861,265.26876185493876,61.58523378106865
940,-10.030348290507664,119.29015262370876,-137.84242958343512
941,17.347133229622212,-105.01468903027775,-58.711435064467096
942,-5.928634833971653,7.49268218107917,151.73143348938243
943,-19.68795692261291,151.27285241638995,152.76003208898476
944,-14.503389504139296,240.73022499613438,-158.80016863621412
945,5.128300536751786,-11.706596036253313,-35.93136514134805
946,14.893860105619716,-137.0525995322031,-70.88583653237117
947,-6.653790130014601,17.1966826597651,156.11623294406826
948,-15.447231513105201,250.7092167916696,24.992117749911287
949,-5.940180999980389,240.03472147171138,-169.79792174729914
950,5.585695470756821,-13.793692998455814,-32.54452931050866
951,9.62838791147474,-93.16762944491754,47.3109604227274
952,3.1684716909359687,-22.788869233089606,47.62223352884709
953,-12.94592845640063,254.20783067361413,109.97541918457043
954,-9.251386310764142,247.21266163025498,-37.943168251240884
955,0.7552754058908918,1.6642559962097794,-37.990055201498684
956,11.500087659356465,-91.55310935451612,-75.7896331285519
957,8.314983775376206,-144.3994997848647,38.75414807789227
958,-6.738965090290659,29.81430668340046,154.66221823262075
959,-10.059923248124136,199.03035753649596,153.42830256500326
960,3.447187205061231,227.0660712919878,-198.48615398018748
961,0.5889176666742139,1.5135705427080497,-32.99429114727166
962,-17.401621702228766,-645.7391405566455,5.2727455968375
963,-12.619239271901783,-311.0299975412326,249.38071583333078
964,-6.224368627622121,29.34630013491534,151.71925010345353
965,-3.005219923961855,248.86173117869626,5.455965033437137
966,-3.5541899121390754,34.03746946428991,-50.79627896614368
967,8.871646389282331,-92.13165722014791,-73.15000732785762
968,5.3869909154261855,-106.75674774848245,28.36701336593008
969,0.27703091052682716,215.0580081819529,155.48377863057036
970,8.717855603682,246.3174119894614,-83.39206968673565
971,0.6673972255246122,2.766354007145262,-37.97415557287746
972,-7.914296708614958,-260.81171901851917,-108.69704524275883
973,-30.59898932109157,-321.48269464552317,277.7263076058306
974,-4.823668553787404,31.54565922631028,146.376430106096
975,9.77035602364961,278.7389934623209,95.69822989524194
976,18.93702457010121,235.65725277330026,-199.00951814352922
977,4.949392521349383,-19.424026126413345,-34.659308767841374
978,-9.158017758834687,-200.27767322964684,45.5635535102714
979,-6.04515072540903,-101.23128909480472,116.58794307660143
980,4.0210537403049,180.96329932227007,154.89011875697096
981,13.182533581599236,257.8612199436946,26.766550860403747
982,-1.2576583100166994,46.037267431510784,-57.07085035658214
983,4.401889598471916,-69.77023235464222,-71.13674281273765
984,-22.33083675124338,-276.9855202247389,37.40069465140704
985,-5.27718215390013,-1.6885256438332152,149.90587880334598
986,14.553855199405266,249.17106972079117,152.11088491549495
987,17.134710175330703,242.27328178071448,-28.441318905254263
988,1.3828295147240877,-1.3146212584840131,-34.957284996419574
989,1.2596305929555092,-82.44229269648113,-58.57842093744126
990,-47.015408557671805,-281.0662985035096,290.00477250576637
991,-2.2634189277995094,43.80705511190899,159.42170828978357
992,18.811920718405187,223.433807257469,152.17612946204792
993,33.2986116537151,226.762048450174,-198.82034123903955
994,4.10648291382341,-21.85744179765263,-34.22421412363441
995,-49.896512863569924,-354.85500902127035,7.341487544848523
996,-40.37113298199951,-202.44570304616556,311.8817435928152
997,4.617819641706021,101.75969806903032,152.6173506977255
998,29.23509323181798,250.77134669710156,6.688455738666727
999,-0.41866041426695944,32.248970515919275,-45.27586273787803
1000,-38.20172718532351,-284.1806380556112,-116.35269548602423
1001,-71.0547414880884,-365.5409079001934,257.90229869949854
1002,-9.139594410309332,-31.26123340350067,162.56585606491657
1003,37.358799992367246,277.8131372440301,82.24764353633807
1004,43.39701098448645,240.2232235647551,-197.63259320337974
1005,3.626559642151877,-23.04440168938109,-33.99312319420516
1006,-55.431438342036536,-328.3302464982549,-9.71388399691308
1007,-9.849747617322315,-36.27606321528649,154.63600823223356
1008,6.68831306164572,94.4086973270845,147.27625436016962
1009,38.339419162732014,255.51863901313357,19.49124171057296
1010,3.27925776116592,-20.37040449660095,-32.611938954595665
1011,-6.4547319261618785,-86.579425004836,-80.24008631304312
1012,-93.35869224274522,-376.30032738168666,258.48015163909525
1013,-1.5701305828161254,25.92244981713139,152.30817943075908
1014,50.16728857124008,273.2822785366005,113.20087228628535
1015,54.27392014162965,234.08882930898758,-193.9198983612514
1016,2.4761700123822443,-16.60910692142494,-33.429191816848345
1017,-74.78562740372311,-339.0495891554251,-45.03053031516861
1018,-64.08138593159786,-229.1331354791989,297.157772286205
1019,31.406231904181496,183.33651716411563,156.37337005669215
1020,51.07824602111898,253.71666087744285,20.033489987689354
1021,2.9744091110704924,37.63185621570378,-52.84249363738694
1022,-50.80741885943466,-242.01204520308076,-100.07644803587597
1023,-31.681375645450665,-166.862394053497,39.791858667510155
1024,6.368566782999984,63.3297966673679,141.6376062415083
1025,43.39894839217845,216.3617906935621,115.1001730852962
1026,53.851931194694956,190.36767742254588,-234.85282459987334
1027,2.132209309673851,-16.399638254898452,-32.481069468589375
1028,-36.020945235227174,-172.29155397855544,35.66606853554104
1029,-77.20598798492867,-241.0372050790134,316.79263169410484
1030,36.57692145767771,178.78087002409336,159.50649330752952
1031,62.54771057786717,247.82165877417305,-71.48368336547482
1032,1.5409454577165294,-14.072606334061941,-39.94844874852323
1033,-12.137456541443495,-87.78273026897364,-79.93022690556651
1034,-125.43028418995684,-386.6312345464889,270.67035720970836
1035,1.967207945455283,34.48222244120954,151.02060749117328
1036,71.13926476457152,275.96023844822747,80.39340341847566
1037,70.40269127294245,229.61554599812237,-200.53017416392981
1038,-14.749833568722718,-87.38478125411936,-77.28591719873062
1039,-75.5290753281463,-257.25291035742816,-26.096381515618283
1040,-21.763075890986826,-53.09363243225505,190.1414371802921
1041,14.349626997036797,76.56007624381503,153.37086786712962
1042,77.34972710714871,262.341963100864,31.130390051944705
1043,1.0852491108139533,-17.979197115514193,-37.3121128367053
1044,-5.741812776599182,-54.76039739561788,-55.557321055021006
1045,-53.47391753420414,-185.79974801702528,26.928538588583784
1046,-3.7343041729042716,7.442131586751742,155.80755093136656
1047,34.783485253208774,136.26187475245268,156.26403227185412
1048,73.66228036357407,201.647621036487,-205.1587755881594
1049,-0.9291086234579138,-23.69651019264999,31.263726415529614
1050,-15.590237780158567,-92.49473132154301,-30.19209724379267
1051,-100.07690165610727,-221.68835811666403,433.2554631129583
1052,19.15139477465859,83.57283417997846,141.26068374320593
1053,93.35783861882778,273.5696937675648,0.72702631984062
1054,42.862064044680295,111.19537735582273,-185.84873204471126
1055,-3.1836657465381224,-37.47976206680053,-51.47995147231394
1056,-79.90617859027407,-162.2457738372259,420.8599779540447
1057,38.348474559094214,132.19403922989778,153.31322550861563
1058,90.85898864802701,251.75931263353047,-38.13756680695915
1059,1.031645860340892,-10.365290476559796,-32.38948052205849
1060,-18.248375444169987,-81.9637674072003,-53.4091870716318
1061,-148.3698022512472,-333.4501367749066,166.36444187995016
1062,10.164531449638192,45.85171752279945,154.5791757857777
1063,85.82262192670075,227.725816582559,153.64088234794383
1064,61.23419177275441,145.2305406961238,-157.60229146942117
1065,1.093632860553067,-3.569138807437742,-36.902604734898055
1066,-153.26444497374348,-344.51327611259444,22.77410536148925
1067,-169.3355595407474,-341.2299772542576,324.68431814267035
1068,63.997066635771546,171.51961867221968,157.60306471024123
1069,105.7524045467897,252.24635892597271,-16.31185243017659
1070,0.42284162904111966,-17.21626936973975,-31.406950352915125
1071,-21.477169705373644,-83.46737811322978,-49.38581203979799
1072,-177.52594431294827,-332.2162222917096,411.5062572495772
1073,-8.514409442171097,-7.138741425988287,152.6589165191221
1074,101.5735788033511,239.81164979334037,147.68045272433218
1075,70.08026733663775,150.4214853225001,-160.6863246518081
1076,-5.443400172556709,-34.47940326654948,-53.37996531449642
1077,-173.8675477682706,-353.61703873228146,29.93271338193232
1078,-11.598316483310484,-15.098360467675413,147.0204751881795
1079,38.6489484240969,104.57162084054039,155.63235780119146
1080,112.09143953119853,234.42364052493528,-100.31740749814
1081,1.2495218638442704,1.6827431628369598,-31.97305768725766
1082,-126.31563848692937,-254.21640224605966,-109.61814350714721
1083,-196.76070155515205,-330.9392348612862,364.16270867624905
1084,9.879022136664485,35.28852273606975,154.664587924508
1085,116.71101972879104,228.2224955576227,-65.90624521406929
1086,2.3466994760417874,10.106579901611273,-35.486652734616314
1087,-4.755960190500543,-29.481306110437277,-45.601914994445394
1088,-170.42634652610565,-300.29967875690653,122.01195721854212
1089,10.61967774042494,35.33252903313824,156.64722712822183
1090,126.89499825964265,245.0232445442973,85.93813416914449
1091,121.68893329737998,223.82492857803715,-97.93565311061475
1092,-5.185531622052649,-29.29030727450928,-45.618443765450266
1093,-172.82672337464277,-302.60565082577085,2.5460442211900234
1094,-10.620695090860757,-9.519413959703304,153.44311068056396
1095,112.23779160910351,213.0718721235083,148.52805888364892
1096,127.29020377127792,220.35883373227648,-128.6022604292842
1097,-7.767054174308105,-34.25638551718154,-48.992373886967
1098,-213.0568362230797,-349.0841412476931,29.93741855316452
1099,-80.63385521068517,-112.27879744368006,330.80977797073075
1100,119.36202640013228,216.04786106456035,135.7301668850748
1101,125.39969989192662,205.84844492376683,-154.23946552811643
1102,-0.7192496457171298,-12.122493310995441,-38.22226413948712
1103,-165.29706650256566,-262.7734741963945,-44.384463966362205
1104,-240.6369275221171,-322.27410041950577,505.296064759102
1105,85.12087654352561,150.2462353031772,156.57185011453063
1106,118.94640159134784,187.39530913784594,-106.12492219551162
1107,-3.106361950812391,-29.650816557144438,-26.992082982374
1108,-48.97584556329451,-98.78747665856059,-54.82236680817342
1109,-245.97523172380235,-317.69440609424174,504.27145779339
1110,0.7657087148522006,11.581680139030302,149.65052582385692
1111,121.50815534224155,195.2365239922655,28.383301213888426
1112,18.061227599298643,39.460703679725896,-59.24875445074847
1113,-136.96176424338594,-208.56292707667913,-47.879096478556704
1114,-249.0725974979502,-311.7897849124935,482.3465205529988
1115,-0.5850807907014195,9.087140658531265,152.78440829656736
1116,133.91887202569404,203.367386416702,10.619454648064625
1117,46.93714290788024,66.57161453901352,-145.5854317871866
1118,-13.476926015234236,-37.517509953821786,-54.38370720271033
1119,-223.7594309798302,-303.515065555168,39.0777309928714
1120,10.774763463929908,26.591381947390786,150.90032913786231
1121,137.80088757465867,201.83363818651287,30.71353727321457
1122,84.29562225755973,111.42653933734401,-186.42143571458337
1123,-42.88227883312566,-76.58850367332079,-65.11471474483473
1124,-242.14056522084584,-304.49646848818713,26.873481900052916
1125,-93.90583203681824,-104.13034291199907,300.75142765876984
1126,124.86798114176784,173.7664450470097,127.85983728195983
1127,125.35985744595415,162.64532189028108,-114.87899355507216
1128,-17.194092216646126,-43.09486089505353,-47.96245115742583
1129,-199.3161725346302,-250.53447457121612,-63.58244419638197
1130,-30.16901103335089,-32.19742098998378,162.0769034288104
1131,104.2561147320227,143.29364508862204,151.59767858719624
1132,119.99825951021573,157.44630326024037,-52.30040622953436
1133,-3.2900647303790365,-16.72269769917716,-34.41002267793583
1134,-77.12753816597346,-110.78325384168328,-62.521725489867315
1135,-119.04137141410769,-114.14127992918787,463.2519861276818
1136,85.55497374428191,117.18017380727476,131.16882539823456
1137,109.21086682312335,139.8562600067772,-58.830950905164244
1138,0.38198756214074103,-3.2812495556923547,-36.92972755330612
1139,-225.3509462691366,-261.6971966733283,-106.312252016538
1140,-48.162415336385706,-49.58104151310124,185.31768523929975
1141,30.305301335090366,46.81061570371391,151.05063900263872
1142,115.22952944252371,142.63018897807194,-44.76883896036903
1143,-1.6438070036914627,-10.446140197689884,-32.37584703842844
1144,-224.97329917005848,-241.85115803117984,-38.49486844276155
1145,-262.87909436411263,-245.40959940898531,498.38355417336754
1146,54.74893052459422,71.22527827530925,151.76752128837484
1147,-67.54106724526892,-86.19219867305297,-125.18649182553484
1148,7.731539734883491,13.100271815059857,-44.702336073952644
1149,-231.57114342741747,-250.33871975097404,-118.08976273002426
1150,-342.95922651980857,-314.4591040204678,484.81098573589816
1151,86.75282182795053,102.0302165969155,156.80955870573302
1152,113.70627397065657,128.39602921349845,-29.9150019566662
1153,-3.348636349826293,-14.367092978308174,-30.764538401875814
1154,-74.8132399791439,-94.21252787561299,-62.75809635875215
1155,-218.56021617986246,-228.06770767748893,-52.881730359669604
1156,116.20337827909023,100.84026506786012,50.64747611830518
1157,99.39583492787932,79.45138414404921,-105.73527746583581
1158,-13.361043529435525,-21.11292545701302,-43.559246045003384
1159,-105.24954359312399,-92.8780422073354,7.947346147564576
1160,6.537545123867848,10.603956328280157,153.63993725424461
1161,119.11945743130775,95.38570067968696,67.51310564231942
1162,17.50720513583781,20.87431389757504,-40.39667919378556
1163,-57.28531619233202,-53.49508815096459,-66.13030885775035
1164,-112.40458169909193,-87.23734026661438,57.89494350521308
1165,-5.29950545915152,1.3994944246996122,153.902425767899
1166,113.99648542663209,89.3034197822979,16.50143208601905
1167,28.15772463759286,25.721542646551917,-56.324878566683076
1168,-95.28865508941917,-77.88095451646316,-41.588002206564084
1169,-102.05601467233298,-71.74001133200755,114.96074170799604
1170,55.85441400332356,44.740624659854646,153.26114893021114
1171,107.9090745469993,82.65562640406678,15.41091537277763
1172,10.049906516410651,11.580571193212517,-37.454236957625135
1173,-92.26248841317528,-73.73223711591929,-29.699737627639923
1174,-102.09018329284625,-66.82872966489444,140.13869705588377
1175,83.97627424236762,61.400143058284,152.55052884800853
1176,106.90414756017076,75.01981417622532,-54.69437437380772
1177,1.1278535594464731,0.48862433533039956,-23.977164907074332
1178,-94.66620742216308,-72.5851308487135,-11.495231445151667
1179,-91.11480148735347,-54.789863010496425,173.1787300797399
1180,124.44958527471887,81.66559622608052,74.94762343143245
1181,111.90534544921144,68.3440736373834,-96.55230473053183
1182,-17.331594759219627,-19.333705254082307,-44.29897356852812
1183,-89.00133694429525,-64.34661840291024,5.543851707903706
1184,17.74448192231224,16.041840129453785,154.64220975531745
1185,119.85337564753159,76.89940527518316,34.65548824826887
1186,-15.862529186724748,-19.63742567954582,-35.138928119938406
1187,-73.10869203409804,-50.676166267912656,-79.88768021259887
1188,-84.86322458445333,-56.28082312884055,46.62065292616316
1189,20.99192400234896,17.439453448370408,157.2479635553768
1190,111.62079014855227,71.58083026025685,-23.143300474398522
1191,-14.43270710098676,-17.266253330796374,-35.99083104612713
1192,-91.14273906821654,-60.33423361939873,11.81131143277914
1193,-41.83291155689854,-19.422549914876274,161.55909959987275
1194,125.89750781457954,75.70827223418532,93.73387067641791
1195,32.79032703567027,22.7474367990457,-58.81302822393271
1196,-76.61495756041751,-48.820964457012224,-75.89674681575997
1197,-88.7470576661516,-53.02824651445817,53.55965996665178
1198,100.84332657704543,58.9196461287984,153.5092427065261
1199,109.11697879107425,64.58686122220969,-29.888907273769814
1200,1.9754083686667232,0.3610371138660266,-37.9535622320757
1201,-104.53839528612554,-59.378261136391814,-26.694581188974638
1202,-27.55173369292271,-9.854140262801968,156.69333385828526
1203,111.64068019576862,59.103124343898436,154.7007965924398
1204,105.33962313118099,52.10344591014572,-98.0268896622365
1205,-37.81771383223549,-26.90257718532072,-56.63832005412563
1206,-95.5078411103412,-46.89925656708047,81.07671985530618
1207,65.51580617714082,35.52647401745191,152.47540395090607
1208,109.0669242580373,54.6781639144075,-59.100696220499955
1209,-12.096120143669749,-12.608085921293295,-36.25435522117645
1210,-102.51297349531048,-52.51819912988161,52.98312111404091
1211,24.86076263820755,15.429965081609494,151.9821780790827
1212,113.88487521777058,58.028160895820974,18.712607979869112
1213,26.320026748997687,17.05532356081083,-45.11633984833145
1214,-103.35016976941002,-52.39734699256499,-77.19020652287283
1215,-87.19573608242746,-35.41477853828291,162.80248005611398
1216,131.099375735912,59.745263097966834,123.1517747802668
1217,36.87165240314474,19.672793427447214,-58.104241437532885
1218,-98.52803105024873,-47.932530140110536,-83.99945123406556
1219,-83.91433059505187,-32.73278282104804,154.79680923070364
1220,130.50438312583643,59.59806492634672,118.17850941147769
1221,28.9751406250482,16.210095508385415,-45.51138315798476
1222,-21.231266228447375,-14.95007157451405,-44.47311767964804
1223,-101.29958176509443,-45.81003609509878,23.130549771241533
1224,66.65806635499412,29.95843183636303,148.93783957490058
1225,109.56119724911682,48.86744581417372,-12.48161758779632
1226,-28.494484790537506,-17.046161393870218,-51.64574826898723
1227,-102.17408623048752,-43.484263849348515,30.074124790184392
1228,100.27059155949183,40.47777695210407,152.40602945916214
1229,112.8062020061263,46.200832561482926,-35.6226037240252
1230,-94.48641893139823,-40.07451360386119,-86.82813220266074
1231,-101.89096447071762,-37.29746178698429,78.51631733127778
1232,104.92284271575562,39.93699142029235,152.42996308349862
1233,110.73667695036234,42.21108643951766,-51.38893378821758
1234,-23.79250257844267,-14.086939598297814,-51.35104253998722
1235,-99.40022272301196,-34.38626767617671,106.53697426927867
1236,118.13116499490043,44.920926301064426,26.33600990835094
1237,0.7570722084502204,-0.19992777495708366,-21.98606082398557
1238,-89.97793713831246,-35.19554134369283,-77.76841231671429
1239,-29.358810661094736,-6.688254383192332,157.59321589717774
1240,117.55156889377561,44.841475238044985,14.727074050754627
1241,-28.45229205347637,-16.05450504958982,-47.65963306342534
1242,-99.83395609149757,-33.33460757422174,50.42120161068916
1243,108.26084857951192,34.55282175027809,154.2332077301556
1244,18.584005744951565,11.02867862018397,-31.698458748196572
1245,-108.78581500973826,-38.355607117566066,-29.036499597334398
1246,67.65905313328567,23.194280354033584,152.94943673986458
1247,115.69578898769949,36.13680063796103,-34.71439668106893
1248,-113.114382392288,-36.223380597599245,-59.83917977859342
1249,-75.59344285547704,-18.05713051619131,157.1379320988206
1250,119.885817869215,38.409515718747535,36.252733092808484
1251,-113.5152281842529,-33.437673211511736,-81.28810135215467
1252,-102.51229526667825,-30.88760927377155,42.78832748270588
1253,122.922961015162,35.91808396005811,67.94671164233259
1254,-1.2783679794327927,-1.7587339001541562,-37.000745377577644
1255,-107.85441864176839,-33.34679125792126,22.791506151787672
1256,137.53637636691866,35.69087221455899,100.16065816181423
1257,89.65830805254637,21.195315585584023,-109.92601882777174
1258,-103.27267205562869,-31.144155395516492,15.034923620696738
1259,31.830287464070306,10.610826767717903,159.55993682270048
1260,112.09035580558253,32.18138733508588,-21.81324453842431
1261,-119.44913169949236,-28.524796975880616,-75.47581843792578
1262,-96.45781460386127,-17.936196905237196,138.95986618645452
1263,112.4618458725386,28.795167501605192,-12.896348706611413
1264,-10.26140813074802,-6.2013910310965965,-33.30792203851289
1265,-105.62213994251205,-21.13109133519302,111.67765183436968
1266,134.44285777517229,28.14704808464789,92.59716524095121
1267,55.113830386569475,9.944206783663615,-113.09582138687712
1268,-111.20252096666943,-27.107565921969215,2.8389951507742777
1269,122.83667915923964,25.03687446164265,146.30998867624422
1270,109.69689135039488,22.524044114140395,-73.61091269404989
1271,-116.52238619164726,-25.893576480670124,-10.54756156380283
1272,-24.225965394818154,-1.9036313221408858,157.41234418281405
1273,109.2276693091529,23.377549081495378,-36.336877142808945
1274,-40.94938231675818,-12.238047001512909,-59.35926264485199
1275,-79.31872105807906,-11.139909846777455,160.65784094871296
1276,122.93639114451808,23.428837375870096,58.07928888932026
1277,-9.297062474030486,-4.805118514774317,-34.53331315735191
1278,-111.37573092818317,-22.93764974809684,17.307159428384313
1279,-95.66969637969034,-16.119152577548334,87.47483713312909
1280,-2.5341711265366227,-1.5739617278136522,-36.00802372052734
1281,-102.81819204892224,-11.138540915008605,105.3752545522203
1282,140.92593491727519,17.21554480517994,95.8605986947067
1283,43.67849250957293,7.292376806568272,-64.2158422803641
1284,-110.10496249745009,-17.31416648208618,23.28131947407017
1285,130.58633082863787,16.79875398495554,87.86230002701724
1286,110.83096190618187,18.244611202796488,-36.23499326582712
1287,-118.17991138527174,-19.683796263688656,-41.90152363500238
1288,-49.038329192025095,-3.855852190521341,164.09439630630794
1289,81.47918026641896,25.746772587943575,138.62373515030305
1290,96.21763266116302,29.312761799114067,-65.77525571193554
1291,-11.75099313553016,-7.6562643797580705,-38.03000528710082
1292,-105.92182571631503,-34.538792336666596,53.93430750031833
1293,41.04414261287781,15.400549006258698,148.4395625415496
1294,114.43394822733097,33.06901389378909,-104.66924126868305
1295,-46.00986361961283,-19.628096506856384,-61.13437568864441
1296,-98.54815349441074,-33.6640341727136,86.8871769921958
1297,0.4927357935360792,3.4555655437267956,157.98940590457798
1298,114.8779119331507,43.98038036703211,33.343505150420576
1299,-7.104742654100854,-6.64913997316508,-31.504750756094392
1300,-105.59835172618284,-41.7811988199644,1.6140686374987254
1301,-49.81197989093314,-14.101095081424942,165.40966534585888
1302,116.96512558707263,46.86627970264798,30.229706339414573
1303,81.68903014866959,28.882239790269896,-99.90866517000616
1304,-111.90020101892874,-44.816167134962825,-53.890305616629696
1305,-99.40420808497629,-35.95001907231517,85.34838993052048
1306,-66.64636413578684,-19.937468523619717,165.34927771401826
1307,-93.06404996327734,-55.9251086220248,45.690191890806496
1308,-67.00781659780584,-32.10378218933017,162.39890001339515
1309,107.10739442458261,62.083652980544635,157.357981877465
1310,109.10906709806768,64.71946360296558,-59.8713788023651
1311,-102.75051491810065,-85.68253447600189,-14.99657023004373
1312,-128.35239540734074,-93.61660460115645,194.7664095887254
1313,116.16160853067845,98.77641022058717,146.02784641095218
1314,38.76106370229885,37.96300528422261,-60.48586050959291
1315,-23.00560500401049,-29.106856450509223,-56.188464533661914
1316,-103.67527862642243,-92.31952067482032,-45.08117054165273
1317,-91.14917664086772,-67.76632022130438,196.2980046030241
1318,116.05107595591171,104.17833750773697,62.86855525011888
1319,114.46726111083207,95.00760022241823,-96.88698478353368
1320,-3.9055444031902953,-9.724388038411297,-36.38928945001214
1321,-118.91487942977038,-110.30343711796023,-26.102151457181737
1322,-142.20718824845244,-110.65810563113044,215.07433328763685
1323,109.39865833790921,100.63821027748615,158.2676517551452
1324,112.36320119770716,104.08052210801283,-18.522417963527495
1325,-357.4622659704703,-371.5226263921472,392.2007209072294
1326,3.688901350899397,13.43188865624382,153.51613102664706
1327,123.15547762079817,160.1380037747033,111.35335130036118
1328,3.6947803593568826,12.24109653118742,-29.111413096338854
1329,-33.453932919735976,-60.30887845694363,-58.9070119276389
1330,-283.6738169394992,-325.2649987929437,80.98404239925664
1331,-58.610011186228846,-64.39715610124934,212.01286374348672
1332,135.5736049282123,180.06061758912745,96.63974464694265
1333,111.54047823823991,132.45913516195378,-186.69663477892107
1334,-18.705431166700265,-41.84378777779358,-54.81175316064174
1335,-235.63623670844862,-287.5001616937154,13.039081944991342
1336,-214.84635499933904,-238.09723811263902,481.0066901658503
1337,79.00967406492494,116.82696409873566,164.18476384305734
1338,126.24041499879486,168.78465832637912,-67.34641960922346
1339,-2.4438743499971842,-16.229630821560217,-31.514635284100784
1340,-244.79713492429389,-329.6291520122625,35.77837982278469
1341,12.368746768881872,29.079538860346783,150.44565522202433
1342,131.79567562229727,182.83546988322212,-117.2003964738561
1343,1.562976173518129,1.6467036147257308,-33.96198530306765
1344,-238.7297469058705,-332.1254712454186,63.607955276304274
1345,-75.17355857340593,-92.28547230377099,281.30485900482074
1346,112.27339114753877,176.65406824472865,144.59387327455843
1347,135.56027754551505,189.08008754206003,-165.84966470103353
1348,0.6590244698068692,-3.278538843484318,-33.92242466171589
1349,-256.4915993467926,-363.0037060345836,132.6870241886589
1350,-29.4212516763835,-36.87922808071076,175.79505482803745
1351,127.44335612318848,204.27332367801895,127.69105566386506
1352,130.03759942486838,194.39072998820222,-117.11382728234014
1353,2.6622997834591944,11.252170564456303,-31.33121411239214
1354,-168.05553349567853,-266.9961144440964,-55.83395484300364
1355,-16.784133788595398,-19.48917201737378,150.21545122952364
1356,90.83217809841473,158.66027780940988,160.69133726678749
1357,34.28125529294297,69.26960051163232,-84.95762551802612
1358,-3.583803926156296,-24.68049286186319,-39.793158754297195
1359,-280.28800804778064,-430.9884888848741,257.3384112405344
1360,104.73999986774945,193.35387275346034,151.24050414873625
1361,120.33926875807991,217.17329248784492,-63.47433782774651
1362,-8.828892535133223,-37.61082089232001,-52.97244892262107
1363,-279.32897176345455,-438.4829702741314,345.0462200223256
1364,-2.6725290835355113,6.974030997022604,156.8483933587013
1365,124.07290430091274,240.2196604908508,74.35071236548572
1366,123.4247798236948,214.43941400280792,-191.3016847029669
1367,-11.909607425656297,-50.001913028882676,-48.05454243843716
1368,-232.5653329222506,-408.05912390448293,27.182556246090932
1369,-176.3392936105451,-269.09953004546463,506.7128189634842
1370,115.67688284206201,236.38336763639975,138.63670535808143
1371,121.2580040738609,227.13081442293318,-135.9774594161864
1372,-2.5559475538891645,-25.097058276806496,-39.753977361270394
1373,-164.85342721645142,-315.37184771846427,-26.33163154548604
1374,-52.17675852222608,-82.67630871315376,257.2453668243204
1375,43.13972385741253,114.07503214548956,158.64473070608145
1376,112.56727477784818,237.68443623169344,-82.00925690591056
1377,-0.2739044082413409,-20.344866950336005,-31.794233054214498
1378,-143.77142107983238,-305.5480476196265,-64.03349541696856
1379,8.248432482670331,36.57520781745195,156.5542750571455
1380,107.29643212463687,248.00987543471203,27.692694171215003
1381,-0.6253432012748226,-23.355913101943788,-34.1367013329847
1382,-34.67010530883879,-108.35292044532767,-70.19933301178494
1383,-124.22030973072336,-225.43944585688268,499.61762877324884
1384,28.68362020312984,90.9041488101863,154.19173269242057
1385,107.99101219013723,238.3724584490732,-156.49448767009125
1386,1.0929600250351004,-2.4047793905396477,-34.94135266440731
1387,-147.0024962610501,-287.32553056130365,491.4277623084323
1388,-17.82321464328991,-34.282626940051884,156.30085675402853
1389,1.6832442658709112,21.54589348388693,151.81787624699373
1390,37.67500591486235,194.76366235093053,162.22807188718173
1391,55.67641167099236,243.63539841379753,-52.745124877706274
1392,1.2388454320094469,-0.3271545408388778,-35.977190439249114
1393,-45.68137202186411,-224.37939208100906,-100.860568445237
1394,-69.40596845415385,-253.2969073532122,284.6192897280782
1395,-0.6946162297957059,28.389306451001065,148.95342135913108
