0,167.88318054871345,-59.42449957913611,-6.873792369297494
1,116.43863839161841,-40.73608244032663,101.23888856248202
2,98.07473543603136,-37.962962167480214,164.41052050088882
3,25.30513316031982,-9.58576058524717,148.38689557239863
4,-138.94034882467588,49.138580575873156,93.55165115161927
5,-116.59507470358426,32.8740354266431,-1.2121499131027238
6,-120.51299232319116,37.128844539528394,-43.87108260451595
7,-1.7697608963272056,-0.20933288109868078,-32.04524946537894
8,24.03693575432309,-2.0264467312565966,-35.51179435641192
9,219.72732423702075,-91.63504880857245,-91.62229458801089
10,125.87680504980699,-41.71799807170245,35.39536029662171
11,103.10622055223324,-41.59979299781914,154.24563200560553
12,37.41426905258877,-14.947861013745806,153.296904302449
13,-140.7208659333718,54.15731226847293,116.41783446076029
14,-124.29691870577852,41.50601458507606,46.145451948025524
15,-116.18407236347838,36.70416136200775,-35.9917453489611
16,-35.59753775359243,6.402797666896649,-52.64605998903075
17,21.58866402048459,-1.953217191008837,-35.12466512401442
18,59.73715722784974,-14.133121381856427,-48.987500130222344
19,202.95823642997698,-85.97115109320478,-5.604851935304151
20,100.21180216537769,-34.45271694741678,67.77728114664623
21,30.933284107877828,-13.159903806833704,151.4390884902654
22,-138.09323683001406,54.93534977390217,102.41112020402812
23,-124.39185040702158,42.97356484441949,28.60308468984165
24,-120.9333791997689,40.189283187136944,-4.891876241991321
25,-109.42530360642061,43.76678116962996,-116.06596430161801
26,31.44601959881162,-5.1708958925383595,-42.305105425545676
27,135.1176184103089,-56.97197563736652,-113.19484268914384
28,278.59377079622715,-133.86144297559514,-92.79702362474931
29,91.18711060775601,-35.71459105952455,97.41467049262562
30,65.863797927359,-29.980721482072944,169.4641702312499
31,-54.753383308818,21.716464965335046,151.83718063879238
32,-124.497090286687,44.98167148509426,10.534353971811484
33,-111.86063513797325,38.446714707628026,-27.271981986571657
34,-110.19817387391929,43.05617725879071,-80.38956126047718
35,15.625963762128517,-1.306731348392839,-33.38444292926512
36,240.79684277027488,-124.39051221655055,-122.39721177369304
37,299.49013151265103,-159.23526910964432,-26.560767281243898
38,88.68081598240266,-43.08673028553282,147.21495081553934
39,-102.32768169672386,47.3455803812519,150.21480529041392
40,-139.77518094482872,64.37655845304481,95.38406798811803
41,-111.95476721056585,47.13951125860599,-63.31324896642542
42,-90.96418691488653,42.166464459946326,-122.06412569545732
43,43.445233894402186,-9.863883900716216,-43.08032717276082
44,-16.265432720825697,6.212700187855946,148.0835898910405
45,-127.60538047018173,57.35070903718334,50.54688006708615
46,-116.89999918764399,48.279018862403724,0.7481957383088966
47,-22.329603370059655,2.153978273054177,-31.945182009331358
48,-0.7154929321150523,-0.036738769109987274,-36.03167880844696
49,297.76953709042334,-172.56095730069654,-92.20575999614447
50,39.68832984789508,-22.15129003863237,162.3270327550505
51,-15.96687593819452,6.304796997908747,146.0975318621192
52,-126.159859293835,59.58485096051554,53.10344226808106
53,-114.97309384115735,51.96149669871273,-40.01413639271254
54,-26.632746683108195,4.848304166446253,-38.82307642367279
55,98.63755699888621,-45.62775871464432,-87.19289312137008
56,29.199157176964675,7.746624465021566,1.6709349815181267
57,20.20534044405497,4.585122919175847,8.28038291056747
58,-67.70900814948294,34.384104968164316,153.04992091926687
59,-120.15306968267578,56.341651527725375,4.865400282261966
60,-115.31153073048918,55.11117512588877,-40.67042345412145
61,0.23796717126476497,-0.14744212070599488,-32.0088309452686
62,26.653143150347812,-5.524988889548428,-38.55954171229397
63,50.477968546608686,-2.296392288949209,3.2887382158460845
64,31.264368167406516,-2.3745187684149482,23.281832717662926
65,44.60692390388955,-27.158056096655887,162.75075054557658
66,-132.73365229422882,75.14557031017539,138.5686961318508
67,-125.75786288912352,65.5571026066966,54.38734508432384
68,-111.28736478271442,62.70033143679441,-110.50728121368023
69,-23.682972203396343,4.697298751095288,-37.50190322763486
70,154.3433558386877,-89.18994262247855,-136.7567131304564
71,-69.91145255723833,40.24064060322968,148.79874892389464
72,-127.24853276102895,73.33657531152501,56.901432428181685
73,-35.79204889781406,21.385258396624682,-116.9624744529135
74,51.016542317299354,-10.882933249295585,-18.13646498770268
75,186.49708406236067,-121.25719938275265,75.430376314081
76,-15.836007739325037,-0.5508909144586333,14.251562381218983
77,-155.88673301112928,98.67082171639557,4.910537193460272
78,-174.5643168625256,116.41062692534595,-63.24501356813257
79,-21.192090372668144,14.134783237139155,-123.27320155477979
80,37.939664828815886,-21.414395456485178,-157.9524455802682
81,27.54188830067896,-7.941340806342522,-40.03573674501513
82,139.02474961637364,-89.53066227597547,-131.21642434127546
83,51.259625064217055,-11.80809174329858,19.885256385660224
84,-27.749603247030016,15.449281683348747,147.0918790466134
85,-81.67074646189633,51.7102096422841,145.29766133365297
86,-118.40596084443706,71.4543717835263,-11.329410411038033
87,-2.469569358026025,0.11258526533120417,-25.051986860177212
88,5.241323414550579,-1.1219941656923966,-34.73369532726327
89,295.3341691833226,-218.4109736367466,-60.9628040822753
90,35.55660871315709,-10.260392348486812,34.993672171116806
91,-90.47897999613438,60.38305151978532,146.3159865603149
92,-126.88513327450993,82.54564663195262,30.03161178532166
93,-114.97490802000868,78.1146542741623,-80.73460968644984
94,-74.21649094958711,49.956562966119144,-108.08647137889318
95,41.57341517251338,-17.066076088626705,-45.58292313849522
96,38.13281349220388,-2.7861824367416013,14.666158715376085
97,-35.17337264040394,21.10863422298482,148.27070157770905
98,-98.20750637835022,66.25341109123323,148.4173768234272
99,-116.74813315594025,81.91436659724549,-29.506501341325386
100,17.302294821383818,-4.554460206118298,-32.80523268948065
101,16.845875839474488,-4.047088193509479,-30.912481290072833
102,239.82274974593034,-194.55070501743046,-123.88040844064093
103,40.89319683671025,-30.90046414025433,122.41537686049958
104,-3.170836024725482,-0.5163446522737167,144.97028716831593
105,-134.00977500089942,98.61950134721336,76.14394116017452
106,-114.90824198053632,85.20183351820677,-43.93569184116599
107,-108.64245398586598,87.30996906170871,-117.72738668917302
108,24.164860985800814,-8.361886735592163,-36.78873753951762
109,119.47439666398874,-92.10195477940142,-128.49423903097158
110,28.36127641434701,-2.1542328744073824,17.188479825294465
111,-19.738565806466454,11.866473121856096,149.44430044908205
112,-131.81413620062338,99.70079853475572,47.619379288021925
113,-120.36991223328684,87.9813926753936,-0.6745792599484028
114,-116.24618902628114,91.92618585312061,-59.108794153646855
115,4.2784432374864165,-1.2437851022642579,-36.805208141711674
116,190.06249323318374,-162.44491530294206,-152.81916515100917
117,269.0712415322518,-239.0977815407466,-60.33527745297612
118,-44.17055564202767,11.040270301062808,14.681886719718634
119,-10.63769751765189,5.012807078287092,155.5792663418739
120,-57.950279938458685,42.846380529704426,139.33219012972816
121,-129.68128549136753,101.76141539324364,-5.71127486059594
122,15.888834275882589,-9.129256117686904,-161.05269511337966
123,54.29543027245952,-20.886418907511686,-9.484731944071608
124,96.38162214252424,-72.6536419608894,32.19441559494442
125,189.8424973588419,-180.0342241993994,200.12730919717086
126,-91.9844285105505,73.05002602573879,108.98432435173989
127,-140.90978855680862,117.99429496930335,-0.4670446788146192
128,-104.62163637552398,90.92056736381068,-116.94744762754401
129,-10.789991900251742,12.834514757560003,-162.41559807245235
130,48.21818516107155,-36.561523507432916,-151.12090115998322
131,39.48801933440621,-22.99112996359532,-45.87062925572504
132,189.49109280640758,-181.44719136068852,-137.2592705982164
133,7.506503144345967,-10.512978525673656,150.6521332362226
134,-46.08490110630563,37.42011630691395,148.33945696361712
135,-124.89163161177353,110.36997779796499,2.205402856389643
136,-11.033924820260939,3.6824657616019936,-31.51908797203178
137,2.280020771286084,-0.6347600753025728,-35.93012089854231
138,260.43929285765205,-268.3695800581593,-76.38952077827692
139,20.474310009496016,-23.058751022344286,151.7043217875758
140,-131.78656761695223,123.00428049500272,25.547518863372794
141,-121.26153803364299,113.10194744722337,-37.3171091354061
142,14.091888962727829,-5.57894827928897,-35.35058932873354
143,223.22123872325088,-226.10880893725434,-110.10330088512696
144,21.671586941947183,-14.962274098284798,53.82713234388
145,-111.5732002184192,108.72807346781474,155.0359909367206
146,-120.01906150199783,118.70617411086283,-61.6135307475939
147,47.707033090196354,-20.809770805143092,-13.679421498688635
148,146.95798116341714,-146.77534458806142,-93.82009619726433
149,32.09685358881201,-5.471992577418446,15.044647350000043
150,-3.836008583627132,-0.9268796554572596,158.9567045070252
151,-121.43787570344944,122.29790713728313,87.21349900112577
152,-133.77380132047733,139.18748737716106,-43.82311902769098
153,-8.23914771614156,7.7014637493629685,-68.5740148135603
154,14.125047571179618,-5.642900341527696,-32.28708138343201
155,209.3253045769263,-229.3198211228989,-10.71873522240989
156,8.356133518473035,-13.9647295805842,151.406379278826
157,-143.56195994681735,161.0876259865047,98.06333409207981
158,-107.76066963285268,127.43393419964904,-142.30474381381455
159,26.336997509605435,-17.73862426623637,-46.93348577860179
160,250.13800037850552,-298.6209723124744,-101.11129862373102
161,-23.086490525250802,20.728768295282784,147.22631369902783
162,-139.14081627683063,162.0488866771985,124.96099592665558
163,-118.87338389151034,146.2592499895427,-135.0649424796025
164,19.932117232475754,-10.630803753641759,-34.42120507978687
165,144.6891522963434,-171.18340361829496,17.671305597581437
166,-21.171395958385222,18.574203318323324,147.7030762897995
167,-148.31559473526733,181.47744657907177,46.698236642803046
168,-129.57879427207956,158.0643637375717,-35.89891825439632
169,41.26859230675541,-24.446725229096522,-20.63165130810383
170,40.40202494181076,-23.3121063619202,-20.63975679084408
171,281.65932592952015,-394.5668789645022,419.04006133967516
172,-38.76856608660649,39.327059165732635,115.94083592999766
173,-75.6565426569798,83.78149081506389,109.00992061000002
174,-147.80723863970738,187.79922268696708,-88.88324781319407
175,-92.7836840722549,122.88349112435586,-139.62008234875591
176,39.028330261757986,-24.789455598123112,-23.519070771212448
177,15.084865340085342,-7.033617002204693,-28.8785187415675
178,201.10736855352346,-264.41366399234477,-110.08130737573862
179,22.005425449308134,-31.90080988560474,144.14894849605108
180,-139.027744481738,175.37064957802383,136.85227497110745
181,-149.35516861661247,190.98288555640315,32.28430990437729
182,-26.44739815318795,28.257337487385122,-58.992286013718875
183,61.689618711476655,-72.30425079798134,-74.2581205021814
184,-74.24435148964417,94.08819685392464,152.42125648498367
185,-131.60017602571037,185.34147585311717,-67.13255162952422
186,-18.775304027189122,14.357021837141582,-38.0102416382775
187,27.730543459336353,-26.61017604528085,-54.91553156601018
188,232.33965093367817,-350.0963886127183,-80.73490260498583
189,-28.84677965017424,32.86221452085018,150.76356051098205
190,-76.14325050403812,100.71575214170113,149.3398022937782
191,-134.20944113792422,198.37842154391532,-75.11523461853166
192,-109.8783642229103,169.25984827202558,-172.91796548289378
193,28.159436203966294,-26.014677679678627,-49.49453777803501
194,109.06660425544936,-150.65033293165212,-121.15574032658392
195,-38.56128529759783,48.23579027018253,147.66247814526488
196,-137.99671592976932,208.0797153070195,1.19839505537281
197,-128.24329836296346,198.50460051484367,-91.42118346502235
198,-60.03346798538374,90.4496838430941,-117.78931162811654
199,35.24877405950915,-36.697523106048656,-51.81085761640739
200,336.6305716534814,-543.6955382337505,-26.307297231857746
201,-8.801626828364778,5.938389671666579,146.64012150915204
202,-153.0023952638766,243.60922374307236,11.059721383834574
203,-125.24035539392699,201.18552913159024,-82.57212036433812
204,-103.4113040921603,175.32373448407506,-193.69454465063282
205,16.207539047860955,-10.087810328142755,-29.203943547421517
206,202.57217989766158,-326.65109247820806,-114.85927907848806
207,11.170262513858315,-24.065172625813098,155.34354311246474
208,-70.22277697564212,108.49805224482333,147.5383568806879
209,-133.6442357195403,228.56791938374334,14.588905808880323
210,-2.595102044979757,0.7153576609032857,-17.051753621253603
211,8.857953340411278,-6.790676334898164,-38.047319520036666
212,368.6413765033943,-679.1269688269344,-6.969964429789815
213,11.294505636476796,-8.057127756063252,29.04401035759791
214,-51.935209309135395,76.8825516292993,147.6391170014692
215,-138.65474984086228,247.40896703051828,53.57571865675369
216,-26.905423699971582,42.304789926522716,-75.88686406433393
217,17.871628093321604,-14.436986953313966,-32.121816029426164
218,192.68347922039936,-353.14065472043774,-99.14538356126293
219,4.9777668482771285,-16.594576688683794,150.30621278082378
220,-33.11984920193377,47.36455178951532,155.32275129581026
221,-129.27389650156084,231.83410208661203,-6.7280642277708065
222,-118.1650919178783,220.84172308362398,-126.61801753712045
223,12.453680686394659,-10.460879931366888,-35.03928705432921
224,151.27507670215596,-282.5966287635338,-119.11952865939114
225,14.952567597039087,-34.568080419114324,147.46370605903797
226,-124.90809500236834,227.59045743200087,143.0194341170904
227,-129.5520616890734,241.31337379071414,28.841092269427264
228,-118.98457940547856,227.8438472178585,-79.74737542678906
229,2.70968992384194,-1.4842714921356335,-34.890536103013076
230,108.17506272383305,-203.1436838488181,-120.57591755526033
231,-93.42025867266312,171.59862056268292,148.7380588846827
232,-133.1152663055556,258.52465217424884,75.42521547956783
233,-28.224225891842778,49.749764384115885,-80.38937678763523
234,13.28790582600042,-11.226121257457956,-32.72026354308893
235,169.2377601210301,-334.9911993504732,-119.63767269858339
236,9.281661331028472,-29.165603517285067,155.79524006219222
237,-22.108884376449097,33.93973381648963,151.59953072736675
238,-118.38099293462543,252.70404213244944,25.22789612244767
239,-85.55589874713692,198.25314506984347,-182.733093702152
240,1.3224970283845836,-0.2775360882457691,-34.97390420484443
241,79.17652468176934,-156.25395019494096,-109.29327558421917
242,421.56583201343506,-1012.8003072762539,355.77501108050996
243,-87.07756722856236,183.6224949133922,109.79809180755394
244,-123.0912956965659,277.5719198832844,32.8366995494769
245,-6.808193797991743,18.31017496596345,-92.74454933444859
246,18.10296735529192,-11.315917320005898,-19.159106462967735
247,136.99400672327363,-307.6377529715081,-113.23857915136006
248,345.9149503340732,-849.7451318331849,82.65120587609493
249,10.121208627394209,-25.912449227876003,102.54542018492957
250,-18.576969517408468,28.146358485041386,148.87664809490323
251,-111.25238042352437,261.2569056532088,30.628303405806903
252,-79.96736771573214,206.91677957153266,-194.17111958608066
253,18.714950551757493,-25.96029883007158,-48.06344528696843
254,47.54575926386598,-91.61377421202846,-64.63228300920694
255,-68.64476168546977,146.25867146375023,150.67441434903822
256,-112.78945035587617,260.5683158068138,110.48777205555952
257,-41.69684761330764,104.37570500975144,-114.70359045674567
258,1.5287319128229981,-0.6638197648873054,-24.95176834698978
259,113.30439235992937,-275.55726127786966,-128.20919676007557
260,-40.08546865125494,81.74532631003635,151.20299562129904
261,-94.27252815192651,234.32142539044818,-33.96297152486301
262,-88.74661422774498,233.92279663056084,-140.81325100792088
263,11.205298947394622,-12.52304127103631,-33.92956688837906
264,33.00977753672411,-62.76311703550513,-58.269467115331025
265,42.6510231313856,-95.19194413122635,46.8924617525254
266,-48.584938164662724,108.19506984855529,144.86161958202584
267,-91.14414724083268,226.3092972709602,145.29273870700263
268,-79.28471094586317,228.04689235139617,-189.96597640490455
269,0.7336814615763518,0.43225843937959235,-34.996467513647
270,143.42975345999506,-431.2117818950992,-98.64795144190725
271,0.6226618356113933,-15.965747187641135,153.42089130384872
272,-25.21576828063983,53.79799253063303,150.90216400546487
273,-80.32807360191784,235.99093177985776,-49.401890789145796
274,14.047872770511276,-16.42638277655826,-29.507938648162003
275,11.511666905983974,-13.20440107749393,-30.685310551372908
276,30.28522267312336,-61.775907166836504,-53.795069326002505
277,-16.88119070994511,32.804476949504895,150.38471933869397
278,-40.78504667469758,103.60281029744347,146.191071970245
279,-75.42245055774164,238.0855931402942,-70.66782644160091
280,-11.591077912458196,21.60803612635201,-40.83576635656136
281,18.282245111736163,-32.99206176203903,-50.2960407452279
282,184.57801792637738,-612.0060476071396,-52.915210758454116
283,-7.621939705762172,6.917481756947119,150.67750647716485
284,-83.86453951151202,269.08472233472725,64.10869385342403
285,-71.95698425371823,237.08158264563866,-44.57121555483961
286,12.396797140378894,-15.747881173140584,-30.02615930881945
287,13.543725594898318,-20.78321994719335,-38.012985235235234
288,238.16653811458386,-889.5071427385873,158.83937244541883
289,-20.14859381942295,44.62940472924118,148.71416274526635
290,-84.53818562548078,290.4817707651681,79.93440286942693
291,-58.59333551252566,216.34608646242353,-118.43289778621627
292,1.5643503219593926,-0.8414691752528471,-27.950792934419795
293,63.020844095660756,-201.8447466626295,-101.29738345928499
294,-65.75976022953682,210.80082075208108,141.13184374489572
295,-77.41477512525748,264.407581117478,48.65568059818085
296,-58.83122985151636,236.52997961007537,-47.25663099255041
297,1.8014300370178626,-1.0845513520989856,-34.94405518462914
298,142.7112901592107,-629.633466651455,-33.097781611546885
299,-10.562632618200912,18.671183065323156,149.73727865748467
300,-30.808582484942846,94.19385797181951,145.42170268052516
301,-57.721459966643316,232.80213017792272,-54.45670882854585
302,-11.271075154183897,33.78205354560879,-57.36055553682933
303,13.658180105596458,-27.710522562402087,-42.43793934046989
304,110.2671349110544,-511.8616748528924,-61.964070211681545
305,-7.150221817394896,6.982120084532081,148.69455794936744
306,-63.784815543454705,265.3054736621466,62.307853654247054
307,-56.17927983847433,241.87045267403073,-35.798864441003616
308,11.926067585758823,-18.310465765558064,-29.57322103744219
309,11.687537363874931,-19.603867401139862,-33.48657514058232
310,-29.456659388441814,103.20786888708045,129.22924386228112
311,-60.32899482983342,279.41142625774495,18.440518895806647
312,-36.303388614384026,199.26400089645813,-178.35839222084746
313,8.804766300294071,-14.589591200225478,-34.00394105872
314,76.52551554559902,-356.8278788972993,-125.17656448100976
315,21.833668331879235,-46.95073767753046,20.605047400111875
316,3.108195131730761,-36.86369461165214,146.67462901777168
317,-53.4050045001746,248.24300585453096,140.7865186676716
318,-52.68112816654173,258.34373018363743,29.662854204246102
319,-8.65343100518469,23.794423795781473,-40.74203281726448
320,1.322497028384582,-0.2775360882457705,-34.97390420484443
321,86.28641085885995,-466.9130218400994,-88.74272281424885
322,-1.009282306353799,-19.76054747971852,152.09151666575
323,-31.500272693861593,149.26011262835996,152.45530273222673
324,-42.8136764060201,254.32619797875378,8.61859236296922
325,-19.073821799625243,136.4148748735336,-144.55031863083363
326,21.913297901764597,-85.28074454077611,-74.61216520209385
327,94.00327716246605,-710.7677139586676,45.54318881589789
328,1.2152741243849405,-35.51065291201346,153.03263120917586
329,-47.28579570852446,268.6820185036177,123.29200055804706
330,-37.87180460048488,247.16733704658418,8.44327265387345
331,0.8312838464131611,-0.17445125546876233,-21.983596928759358
332,47.67075994258042,-316.3921243251007,-115.27531844810055
333,81.46548814172242,-698.5567335794186,20.482957922710668
334,3.929922206140146,-33.08157763017566,91.32786368250363
335,-10.580488971608801,28.79600711454243,152.57732222512337
336,-39.752241236195665,260.67336058607043,25.820663904715026
337,-7.0561388820351585,19.70842515754914,-32.66492527442983
338,2.2058586856033378,-2.2636497481772575,-38.90394920906725
339,59.3785441390064,-530.176830972451,-83.21675840643935
340,-6.263730572407286,4.266310124237093,152.82013000797357
341,-31.450563649605904,193.7736764876109,150.2488508430443
342,-32.39828172540316,242.42598022174573,-18.576562403556792
343,4.864067410752966,-7.9800844959880495,-29.319021934912094
344,18.058973437142214,-87.90459927266947,-76.2008890992138
345,25.883373972981033,-273.30558745241717,110.6788060560357
346,6.587863403772443,-12.38483849003167,22.916842974371605
347,-17.33006245325691,87.26147271394002,147.56133429559793
348,-27.07799740194499,236.81983597389285,-40.78675944320122
349,-20.846127512522877,237.44695240740094,-150.96922519120645
350,8.665572981608818,-22.2999044176023,-39.66927200905326
351,28.964368393998612,-627.2322639630721,91.03160364773763
352,13.480924724997623,-84.66342697806267,42.54615732550086
353,-17.868177410475568,127.43377743578641,152.95062548457634
354,-17.284737680907444,237.91586269481928,-81.2649165277148
355,4.8752493548131675,-10.851576103663552,-36.07684141887901
356,19.012386590502416,-138.55006076029255,-66.23234054095333
357,-9.3750300749844,42.21370574541573,141.0793846804432
358,-19.39292828477017,220.89694806257702,103.2236655906386
359,-6.622425418352213,194.88970312733034,-168.32873516878007
360,7.566706733627777,-20.751835120189085,-35.051723986777944
361,14.217906296416198,-86.25750596987876,-65.51483076371188
362,11.889175872100976,-112.1974344619854,57.005536136752795
363,-8.28243939632586,28.706632097760064,149.699653588357
364,-12.838883042248003,105.20631874848353,144.65275521986425
365,-12.934873703232967,239.8156820455325,-17.47081985061633
366,5.9304389592373745,-12.982190402983768,-27.570116321240413
367,16.430050965596116,-314.0466012332387,-114.22594539807191
368,9.538048372088067,-687.668869926245,40.59468406977994
369,-3.988785391301632,-47.20479551446504,187.44240489786077
370,-11.469435378930969,275.91672042062373,89.10654597407165
371,1.3524608018123345,209.08636614974878,-194.7922554230912
372,8.96571974956802,-41.71491821949126,-51.33023766755766
373,9.064837556097391,-419.03769855956847,-102.0089046607889
374,7.47421709937931,-30.12375712772971,30.736344702467047
375,-11.742404505965549,121.29682261928546,156.22809180115968
376,1.1822003113999249,239.09626831768693,-72.05184734806288
377,-4.082713221917211,29.576875482078623,-41.76446622641843
378,9.734368764010618,-81.73718406922703,-51.73119183689417
379,-3.0900730440447512,-219.05038298917097,116.20686527306137
380,-6.653807161335104,31.71833207521326,148.3136204148143
381,-6.432707323078348,204.2151182215322,152.52033598344923
382,3.1743292330464463,244.0344860980996,-100.72725837004575
383,1.9662173087520212,-3.0621991010026095,-32.880713534245324
384,-12.60164378209321,-427.10328955459994,-90.06133636915979
385,-22.96383529841185,-473.8886654505487,90.53887992339936
386,-5.527850307968955,-14.381335970821254,153.4335476362017
387,0.6546694734951624,270.3601526568921,135.18280258606174
388,2.071192046822726,260.225372372395,26.91788172828304
389,-3.541635481365713,28.200138155501076,-41.171986821381644
390,6.367928193909921,-96.3111142967066,-68.63643295459785
391,-9.112975305246241,-315.76719217398494,-115.92794330629633
392,-5.745715734732966,51.642682194471,151.36559383089187
393,-3.9724103184835506,129.9322698000369,155.8851126581345
394,7.383181985347296,237.2342916343035,-50.90443040561132
395,-0.7266145917740916,58.59382179778002,-74.32768395848036
396,3.5244655373577913,-10.912893773929097,-38.21628714895577
397,-6.266731405800845,-234.16281809804187,-101.47285137708202
398,-5.267635899613113,-152.79609628142717,83.74241444696742
399,-5.463352650189898,26.261253065716176,153.19109151925082
400,-3.8305080711134787,90.79248029290783,145.81333154221048
401,15.885988585990292,241.47813729479142,-118.77100923507744
402,10.884531562106915,151.21351784515267,-151.7593346603859
403,3.7711710185609073,-68.54994223640486,-69.64578250674472
404,-25.772806603973375,-284.8813510703819,52.27012822846213
405,18.673795649576196,271.9648442370417,120.50605542401091
406,18.628047811384008,257.1350714011805,19.073558536784745
407,-2.079600798832785,28.289268236639987,-40.21042496491024
408,-40.698310139237535,-382.86222916730276,-116.01482380180028
409,-56.34397938270996,-391.87692602823773,209.11767954143224
410,-5.634857871591072,4.335669371026914,153.84395341941698
411,23.5928101599114,275.30628494775397,128.1912708565953
412,32.42735998758016,234.53307367590182,-198.1757534037477
413,4.4998149009217006,-26.86923403231568,-40.14905777033666
414,-40.500520200675695,-345.0037145700544,-116.87868883487792
415,13.363102890375535,-6.371754188962418,5.351261660955624
416,15.732115238758533,198.87210787524663,155.9318409044755
417,32.125459673142885,240.96102864086382,-123.9308901562383
418,2.8003485593361974,-10.586804497851835,-35.289628764663455
419,4.029558334915606,-44.26880132235182,-48.719821394363
420,-31.130149272161017,-244.15437772847937,35.98435924790846
421,-3.4940944825110893,25.381550879561075,148.31750280427624
422,32.283550545636146,271.8762210552652,121.89879203494863
423,41.424403560346484,244.95115261382455,-186.79522729601254
424,3.694642463014751,-26.343372125589088,-41.405648403785705
425,-36.35867353073564,-292.80361408159337,-114.79402287082205
426,-8.415773700230808,-22.78101205155753,147.5225832817825
427,38.101704913200024,257.04656707697916,143.2038146202586
428,39.671627018584914,246.8682241280748,-28.265834634200452
429,1.0579976227076622,-0.22202887059660542,-27.979123363875548
430,-2.9488987468841814,-88.43017884292003,-59.81223614635796
431,-91.63299404851378,-406.5410855384211,159.4626020425572
432,-59.593168615882405,-200.1134717840733,424.7100683688278
433,11.252135497132455,111.53382010569591,151.45304546294417
434,39.01187480352828,242.19598266870506,151.76719684578276
435,48.695545281287586,243.41805373328924,-115.94424136740314
436,1.4358539165318294,-0.3013248958096949,-37.971667422402525
437,2.4981868353587346,-30.850852084279875,-45.37207147671315
438,-46.07635879766222,-260.66229816216077,-3.8830008942292444
439,-70.4396727183304,-235.07230139138795,403.0707879306271
440,-11.250404736607354,-35.17240414783527,149.62193971566367
441,30.773909864859856,191.36017570898244,158.34741803619923
442,50.19684571843681,245.00048110618226,-69.6824575807711
443,1.7089211872600423,32.579996326464645,-48.26407188085072
444,-1.289500646508193,-60.17026657493771,-61.912068138499336
445,-73.58236852863376,-351.6561669869742,-71.56684393922124
446,-24.027283246188617,-111.09266584647001,122.07596974069742
447,-51.84301682110162,-152.09669062298082,373.18047985385965
448,15.685188032372075,114.41045300662856,157.47292294860816
449,54.39133290049722,257.6068058793711,4.204203343541856
450,56.505096372463875,249.28514648672817,-80.3168694350561
451,2.6890531767269916,-17.978777568779922,-31.163928553811886
452,-33.606491174442,-190.9470902547854,-87.89539913668337
453,-62.057329753433145,-205.03000993685205,264.6252235748404
454,3.87723718991902,51.69918530529835,156.53892079845778
455,51.31031579873367,240.22480872316208,159.03315238421834
456,58.78501288794777,257.30511058653724,8.598090848089313
457,66.45870551539593,238.01800215248872,-198.966497203083
458,2.169387532342486,-17.320167036299967,-35.37374349234941
459,-14.117822893109752,-101.57035448356513,-51.1683577432039
460,-88.2254929729166,-223.70639754141385,467.0601824947933
461,16.63834467812311,96.09037286793813,148.93414574089874
462,70.7767479861797,271.51083366020055,127.7442489103157
463,69.76571374662238,251.06128840930845,-63.33019758733478
464,1.3771121113569038,-3.2221384442023906,-31.902345989612495
465,-0.4409033124611301,-36.01914591287374,-47.88109446888634
466,-88.2712240400698,-304.92871456364105,-109.07711280070751
467,-158.4385919822641,-443.52130876240955,290.7628376798138
468,-19.498653557599248,-45.40039067917647,187.81669568823548
469,12.679423797166631,75.33283153154454,150.7291238611405
470,74.90651776564481,265.65099751407166,54.82179752293973
471,76.36407433634655,244.2014494833486,-124.49268409900462
472,1.435988013524371,0.7979752640463433,-37.97459396673973
473,0.5078195581198071,-28.71020673038734,-40.893186505147
474,-116.00061721725861,-289.0085092653351,391.1288606060236
475,-31.007238380025925,-71.80687422978474,230.03873367391134
476,38.26341756421261,152.51025195831144,164.8860882274503
477,77.48691543204711,246.3592599041087,-62.482892068731644
478,84.29346673412319,243.00138127263023,-172.26691330085643
479,1.2039055451385037,-12.692992257540654,-39.148135246275594
480,-107.39073837722354,-322.22647929924057,-99.22883255093011
481,-159.27595745279672,-390.47546096862686,360.68481664313447
482,-124.22552038687837,-283.12378004222103,469.415854743809
483,15.619986314516032,76.00735093256176,154.49187351054067
484,86.32507679319475,267.5624261871099,42.31399704294073
485,79.80600106064438,244.14895692233227,-36.17886163288014
486,0.22855303836569174,6.254747236802859,-21.84314527264568
487,-22.570008296941403,-95.34691426228612,-79.34697370846202
488,-89.11636713845233,-248.77827980880053,-22.677514598371012
489,-188.21034014213038,-428.5743115825223,299.0330958869602
490,-4.0272500747910325,7.158035026182934,155.81220913484046
491,35.45632090969677,122.98114857483337,153.81725094648553
492,96.40040424832151,267.3648267734456,67.37544348219232
493,97.22238701961841,240.48361534698708,-99.8979071010649
494,-0.3798723905221151,-27.96105292903022,-36.978824144915635
495,-28.637656602238273,-109.5129268096833,-56.91031813843833
496,-125.44935981547984,-317.52213890661386,-76.51325443117464
497,-177.116500988361,-367.0861721794108,429.79227282909216
498,5.712641174933905,35.4633662850025,148.72396837544588
499,100.2451817303768,264.7658191915997,92.59088989596587
500,99.74203730096454,248.36616306734635,10.427320937415843
501,8.649154002145071,39.009544997878606,-51.62356941121393
502,-6.360412558138988,-46.85478875815683,-50.477720159146436
503,-122.19300581853827,-298.1847538200891,-95.00531886208914
504,-127.63872690595998,-289.92989988289014,117.43779005743245
505,-16.81483420916446,-30.373851077008737,150.8885813666297
506,24.8770979549422,85.13789778683179,149.59456714137366
507,106.18105917264701,252.18929321248712,37.66875674436707
508,104.06798659068163,240.61927922444397,-49.36673605278247
509,0.9257241814650132,6.123814608658649,-26.832332469292915
510,-26.162129697239124,-91.70100346466388,-74.65488351934661
511,-117.61082650004002,-259.65521083656745,104.8306103194932
512,-18.49222196879183,-31.574138983386586,159.67591445557304
513,7.294309434825137,36.28605171616113,155.62939098547022
514,116.52913684083411,253.47149406283395,124.62279424759397
515,117.08730095690214,228.24329959592782,-170.90974001275237
516,1.09578325209008,-0.2299584731179126,-28.978377769728244
517,-5.513944077919526,-35.91669112257131,-50.74875261455031
518,-163.7546092757654,-319.1733682058097,126.52524913969101
519,-18.550776946037722,-29.76565836801835,151.8004720350995
520,26.62464458157004,73.89733853890186,152.7936827283459
521,114.99995635537398,237.86448733238004,28.19419828442936
522,12.181938315048317,41.34495088867841,-52.19366745628881
523,0.126028128270673,-12.07261570052107,-37.229097672300796
524,-186.82172197945644,-355.8508146528944,22.496081560529053
525,-232.27030848788024,-397.787436604263,378.4545219031767
526,2.9341603042666398,20.19735872108119,149.9369730946103
527,117.434510564032,235.53096291698748,134.1217079159832
528,27.756207794200037,64.15924646973576,-81.43589409671661
529,-7.149984818573989,-37.03755581960692,-51.225627494303694
530,-157.2506737461304,-296.24092049762294,-9.114499079565052
531,-28.926651337517274,-44.04903026682885,169.3855178523756
532,25.726251948157042,65.7145531902974,160.04594463995772
533,121.83025482846031,231.98240366040517,54.574606124088554
534,97.36481108468554,167.77667827112737,-175.97352539412432
535,-17.59351134440196,-59.83645942666138,-56.0806248818332
536,-216.54580847630993,-371.0519501329858,81.93606431855909
537,-67.86904943065569,-94.10594331388083,272.8578345717276
538,18.33931629510482,46.852577254499565,150.57355374053063
539,128.8721606247828,226.0439514798214,77.39719690810597
540,-1.4073902863066707,-17.733326418041155,-35.322172873876184
541,-13.547906387194994,-48.77685086253668,-48.2297509200951
542,-203.7961601742109,-327.5484317187088,52.97344591326569
543,-13.130246085822241,-12.096288109323224,154.12487695482304
544,109.46778859315923,190.26493122291288,141.41286067276826
545,125.26875218725058,201.00079609205704,-94.14074626068202
546,-1.2610726585241243,-18.54600923794646,-31.12590823227077
547,-163.0216515593031,-265.13782664283616,-55.846233698227714
548,-249.87353429387878,-329.8117043271676,480.8026484370891
549,58.08409793654256,107.39327404595515,156.79132383438446
550,125.62174905272411,205.20099525071257,58.80541548430061
551,122.49381944718947,188.28576242001128,-106.80050071330311
552,1.4358539165318274,-0.30132489580969457,-37.971667422402525
553,-32.72252272566718,-75.69422760152321,-59.72605998804643
554,-275.32448716803424,-375.5624776167689,200.65254227496877
555,-18.080571440765933,-19.457592507461488,152.085782058315
556,99.02587250923546,162.06088152981235,151.69650601745013
557,117.01804728967463,185.34831061174154,13.48144102315057
558,128.82676025576288,181.5655152465163,-175.80713783735345
559,-2.338001736279119,-19.779647831777762,-32.84522905984565
560,-237.851680500353,-314.24918208417057,52.989100737870885
561,-59.052698536503456,-69.77602737093346,222.13441865114228
562,25.27118756559854,48.58105265951138,157.61149868942124
563,111.51936529096885,165.1297170253369,-6.5732927031608535
564,9.463152805580325,26.848694277754728,-38.53220166404542
565,-146.7713780915747,-203.299260846661,-99.15777274778704
566,-24.608406915331447,-26.466356967212462,153.50994746721005
567,43.755591227541586,72.82973624515954,148.63889399023796
568,112.62628955203566,161.95073905359902,18.673406724345234
569,-2.485482714173929,-15.85480032501814,-34.5994114364887
570,-46.36025072911373,-80.53571920234104,-58.1716769443223
571,-292.0250468922706,-343.97546101824395,202.26219445786944
572,13.006687773246238,27.78272107989752,149.59002527995713
573,117.38148335073866,162.49946526112885,66.68228509744647
574,121.1017809448717,150.02530273761005,-150.2435675149021
575,-21.83398518018365,-47.219153735898225,-50.225371027371615
576,-212.2263019244345,-260.1002496905877,-56.527091270388055
577,-279.4512438987517,-295.8647440791102,504.8872871449066
578,28.91388487884102,48.08148305432236,153.05386902924212
579,109.5476948967925,145.6026762527496,-23.00051299420642
580,2.0169002390642303,8.175122330796563,-24.627171325822026
581,-44.49909617607969,-68.80756382822531,-68.56879615196571
582,-242.36405496742248,-271.1203451294261,-7.013230808146796
583,-198.18448800582397,-194.30061613074824,426.3824288397498
584,110.00516233002469,137.52922268263308,146.8524819229768
585,112.3076312839104,136.44354417969814,-48.480313237858255
586,-2.6233904033044526,-15.914930965157007,-28.52589160748062
587,-222.1676835370664,-244.32105123066984,-67.56663273344766
588,-327.90137076693463,-331.8549369281885,237.67163097745677
589,-3.886257250904372,3.515078158945818,152.91599277937385
590,109.88254257828429,134.02506499951818,36.382212431618484
591,31.908763526126528,45.80417754566239,-59.87843579850512
592,-16.420179853598217,-33.11636180624346,-48.891723238892354
593,-218.7130962371574,-233.6365013426349,-105.68482058342575
594,-326.9623746440161,-311.30479167362466,364.3393399547479
595,13.489352375306312,23.59914230822469,150.12528284121822
596,120.99297099615654,139.82885222457878,82.97710879471555
597,117.94275707993519,126.11973459361087,-110.06815792485769
598,-1.7131843400243592,-7.886290282810475,-38.651471593151285
599,-57.67051982005052,-76.25338851146753,-58.976073676881896
600,-354.4742504515019,-344.2580492347874,47.746812076724616
601,-307.215373716362,-278.75664839050336,412.90104560736256
602,17.92964423037913,27.705981797795644,150.2263762879315
603,113.13087786337368,128.0512275349385,53.6691115445102
604,110.96590036100929,114.16480702255525,-117.00088334171497
605,-7.9366458411262295,-19.033108568839776,-39.6456157846999
606,-92.9721783756168,-101.83544249349961,-68.48257669182036
607,-237.54547981209078,-212.30757875144639,187.28348221870544
608,10.728640062257316,18.327219205916133,151.8843194306407
609,112.94123620946928,119.04868693171011,73.11007055327968
610,107.32099893774938,111.7770498138534,-33.60851880469396
611,-2.481998390444618,-9.012917611962207,-34.51632153984272
612,-61.78495561887403,-72.03544341238124,-61.17529342299294
613,-239.48172099906324,-208.77529226088424,151.40080930931364
614,-67.92901666227094,-56.22329049108282,189.01989386546967
615,76.476842550113,80.71026212886402,157.3971057595129
616,108.8509291186902,111.1613317081669,-3.9938040290102146
617,111.76312464848306,109.25183862386262,-58.51087876470295
618,1.6630743060619944,0.5888108779191821,-33.961972209885666
619,-151.17094787454792,-140.54309530000097,-11.20199554602292
620,-150.2066109071695,-120.95961744082165,247.76707367794583
621,5.046667878821874,11.713866524118725,155.6202076348882
622,116.94499949908938,113.81313492853577,93.71788610414848
623,108.83641860288179,97.83716281270145,-74.48964559148494
624,0.10078162667812607,-2.8090956651063177,-33.95263595904921
625,-63.87662122424663,-68.04248801311569,-70.06179274066562
626,-119.49140937050888,-106.9949022260404,66.08365286187146
627,-16.884251017695007,-8.99524943581049,153.95831532430648
628,121.79149597727269,113.28343206614146,116.05719049023743
629,107.28828943404305,102.91183367763938,3.240321570624036
630,22.069989950357414,25.53353831093648,-50.63755805500243
631,-41.36080610926265,-48.18031023138121,-57.53792834841502
632,-120.34755739838329,-106.11306195813115,39.88714983186742
633,14.22084723467827,18.979236062473475,151.61620613196422
634,110.84423429997507,101.92559918904085,66.82265150709719
635,35.805863035311134,33.59898484150892,-63.248184553431685
636,-24.2469057415351,-30.879455479928176,-49.89531401717149
637,-102.18603658224164,-88.9803455287862,7.134111862171531
638,-8.132716303881177,-0.6873701103882892,153.78936026864747
639,89.70067839345703,77.15024147371017,162.6335330865949
640,113.18233520721785,92.51038357042597,-12.187136757133306
641,2.2791613862124493,4.172948847734379,-22.838001752174918
642,-71.78359983187735,-64.14560011075476,-75.73882105525314
643,-102.34158974039163,-86.27210949201326,0.8660494955338982
644,-101.08710685506672,-69.14659829371567,184.79395900071427
645,74.11826984719958,62.97442247384922,154.9925844244838
646,115.74865154731788,91.62654800367564,10.458545684847401
647,25.39632077851921,24.70226878902214,-50.95263159508961
648,-8.889033282501403,-15.448320181233258,-36.17005273091931
649,-89.27619997248406,-75.8996602249185,-11.49564863084931
650,-98.81431269441732,-66.33852547804422,164.82869549137916
651,74.50153474406302,60.936191340852574,153.30763780482084
652,-47.95333442923014,-41.978623720056916,-128.45794079586526
653,90.68133889554477,62.014853868520014,-119.29591482311699
654,-8.354227306941256,-14.302586596740143,-35.41775428328268
655,-87.96043303941595,-72.55576582555332,-12.897178937613512
656,-99.14332871992889,-64.11171725530437,163.10122152288744
657,18.052750092909196,18.586928466933585,149.3520743068433
658,120.53344819203298,90.01132946856448,116.57594647779962
659,112.68723490333598,80.2497238243022,1.5284605205598396
660,11.354805912538255,16.108350850194192,-28.255401850870687
661,-72.89959042933525,-55.62788383712141,-80.17496537451406
662,-91.66125610473756,-66.65827987121101,35.67617448096246
663,-25.97425866130443,-12.357922543350126,153.7129659139336
664,123.9084969652713,85.81328056015,93.39192955631744
665,111.40495477491184,76.27700111603723,-8.631605844993123
666,-0.7770100716142656,-3.63900518456197,-24.92395455684471
667,-92.2603825373521,-65.61721177078012,-65.01482680297471
668,-89.82181476033867,-61.166441420257705,54.3628649362284
669,9.130065769430606,10.814357715067965,149.54901890166587
670,121.66968264492277,80.5290099987649,135.35015079178993
671,108.70445215316036,70.31672340808964,-36.835959113903414
672,1.2469257696197422,-0.2616768832031544,-32.97539539313904
673,-92.13161050486359,-64.49756923128378,-32.23101252792343
674,-85.50217745041589,-57.42653163970687,46.75947957585179
675,-0.6818877024947181,4.362146275334464,151.96035081298055
676,114.3358027016287,74.80881223408639,68.56524362872825
677,107.43703927178743,62.569090030984576,-86.49132464776301
678,-35.849232399858295,-36.57724049110633,-25.04733551811342
679,-101.98602415795925,-65.39386336963305,24.11774206102909
680,-10.583391076309145,-1.8321215574687901,147.63454575498352
681,143.2095475848237,86.3322508809195,82.42051016026383
682,172.11315414933208,99.6640669330697,-9.982369072445948
683,45.540635374370275,25.736316786016605,-103.33211657977701
684,0.6865610826922722,-0.9454495184904462,-33.986722755385095
685,-94.50996590379569,-58.650921410099194,-28.232537439918318
686,-94.97178949522059,-55.05272104980513,49.88517144785878
687,20.19025963153211,15.36654440957041,148.47291456624257
688,110.375979740435,65.32558142689777,37.59576890109802
689,1.0323987803836623,0.4736983280013645,-19.976594737012384
690,-35.911941188592955,-26.564467552739483,-54.245159147974775
691,-96.10058555161159,-57.238674794548736,-14.643977913428575
692,-85.89345052957998,-39.22493994081023,162.56481198598584
693,112.52341143550133,62.877802811452575,66.82824932123121
694,22.255130834166792,16.995478212241302,-41.014581697078874
695,-98.03252651923468,-53.37704174635202,-83.26673484315924
696,-99.84364497296696,-45.20702955207679,141.78153855027577
697,29.649754255766243,18.91054782705786,153.08625181774374
698,106.89688702713923,57.57945829214429,-25.654103328205064
699,-94.48815253965584,-51.43046734360984,-92.57327841214068
700,-98.59643167352677,-53.30656513399793,6.423107763091579
701,26.64357202933689,16.669497224311662,149.6645860018252
702,106.22649144165517,56.4546685390451,16.008780834842973
703,1.3602826577669906,-0.2854656907670766,-35.97315861069713
704,-94.45687330001499,-51.35510690193747,15.56176811486184
705,8.202494051328554,7.330211589149646,154.77739005631713
706,102.92533087554517,49.21111007159334,-27.11402463717317
707,-0.06757726648424356,-1.4864654695124926,-34.995537783032226
708,-101.98850393252427,-50.409264924266395,-23.639033510977086
709,-98.44864608452968,-38.28024424463284,146.6972573064704
710,115.75369110831126,51.52861831166675,68.0159368946536
711,106.10464543142305,44.018064833750415,-77.38875437269556
712,-106.7682548245095,-47.79180094676837,-84.36989468867057
713,-107.05199137981027,-45.829799747235235,59.54090663795699
714,115.04856029587951,49.3580289358096,153.79250268480237
715,109.41682896417609,46.97054181293555,-26.372022391336788
716,-36.1729696861419,-19.68533926084746,-64.83128602365036
717,-97.7976855591714,-43.97500830999543,19.961954811675653
718,57.92800289980427,26.005759680164505,151.37209344309596
719,113.17933285653359,43.87391996572206,-54.6120688602279
720,-12.832494506828464,-11.15430628329273,-32.370118744063404
721,-99.47998174435938,-39.50551660219228,55.87045377413263
722,117.3523889135352,45.57426613903971,137.7591561789601
723,107.1756343862676,42.461325896944004,-49.167910550337716
724,-105.79155117262839,-38.74874162612916,-86.67436377301769
725,-50.36735454531038,-13.154113534803354,163.2731536747401
726,101.84068268226824,35.99719925174595,152.90343777815502
727,110.3257210742925,35.408454815397945,-100.77076158631799
728,-110.94556413507317,-41.79842710941449,-42.2375657381953
729,78.99170768805843,27.490241837721793,142.81239793035977
730,125.07186644120436,43.26971645243068,30.27475146588544
731,55.748893966236956,16.32329580237254,-112.15016281839387
732,-109.49500063096339,-39.69944097636819,-29.72660521893081
733,-89.53534797899319,-24.310733875339054,156.0124931780449
734,132.91825416747304,41.003531605831796,106.096946403835
735,108.96089482630165,32.423569846691656,-81.18006442060761
736,-50.05857798964373,-20.00833427391464,-67.27696628157793
737,-106.5066957625181,-28.73999864255659,129.00228875917415
738,117.12003551513952,39.24176425678434,31.83165398331799
739,6.011451154904108,4.653711942806041,-22.477092728633025
740,-105.2736138324187,-34.68829866175454,10.384078826527666
741,8.931243991118954,5.300757220283624,151.8302376240548
742,111.94629316847275,36.333037205495366,7.297647367574243
743,78.02552858754889,21.445291625110876,-97.93529707072545
744,-114.44627107027941,-32.79147035817756,-9.14780936552069
745,-33.626120790069585,-5.425340432158331,155.93114415852142
746,118.9077624137628,33.40237527564579,24.090234138797143
747,-12.196730535045523,-6.973772299328814,-38.10508004720597
748,-100.19252250526708,-25.176002311841756,77.746795068212
749,108.4826832827825,25.7383425014111,151.45528378452605
750,61.33299806061359,14.564580972926562,-86.19884517992318
751,-115.47582616680842,-29.943086244887624,-55.46817321386275
752,-64.13373863721043,-11.462740233343231,158.51429988293833
753,143.53441913164264,34.44444169143903,56.8885332821068
754,69.66690334727791,14.36053134901865,-119.92243022754724
755,-25.151804796015465,-9.942049684578706,-48.774158378628904
756,9.543891189268443,4.4503504097315325,157.8417806318487
757,148.93912124834725,32.324270072416695,76.78837032551814
758,-28.79900484724538,-23.664771255148985,-8.431265749491315
759,58.89583531754127,13.626578356210548,133.84935419419256
760,175.46224803274492,33.66481684177253,25.51551399076814
761,-35.9452702325349,-22.840153900791826,-8.349898203571723
762,62.01644342591829,13.950884237205868,150.69447903236878
763,110.6106951422269,17.207906729059417,-94.76035961632368
764,-119.58190288106431,-21.3812953468911,-86.91237133865293
765,3.510624755397795,2.7730149578372254,162.00944018015383
766,104.17603173782804,20.4793638984075,-38.93016937178161
767,-17.477079533109645,-7.846458681946766,-34.23258211815099
768,-105.73344706518077,-13.868222196133608,112.79965187272099
769,130.36464783506878,20.274416825195658,92.09698753282566
770,99.36597729314335,13.569661660540824,-105.0457468926103
771,-115.65976325069278,-21.58646656183315,-4.202238013041973
772,34.20590905189091,6.849970691463044,152.3791472993662
773,97.43139164109377,14.065880576770148,-72.20162587703282
774,-114.7021522289669,-19.06895664343451,-40.766810115457666
775,31.4407096571476,5.86291911540837,153.84724970785973
776,111.65138655158655,18.81059174026882,-21.58070714334137
777,-123.31325841442502,-15.835498945460229,-85.8429319812205
778,-63.373659661172155,-4.5477221110523045,162.2468363293811
779,-0.6274316659405316,-1.3432370015962967,-15.00368624684966
780,-116.3882920292583,-16.457284666370064,35.61382342312755
781,129.3309855206886,14.597434692631461,74.77619640478406
782,62.49730177482494,7.226659831540531,-84.34604358099848
783,-113.56001021667252,-15.856129383700695,13.399214295227644
784,-60.86942171723243,-3.351736311878706,165.10922809438026
785,115.94451148404303,15.37561727306637,-24.118924480671236
786,-26.67215285372939,-7.1658267104631115,-45.74883941641381
787,-87.92393392902784,-6.611318428698029,167.14818654431608
788,106.91840025846574,13.575233857424461,-68.75392958437698
789,-10.562870904419732,-4.094743485282219,-38.543149011883976
790,-49.7846247989869,-3.1766708269036554,163.90916708455856
791,111.13943402257598,18.70020212972819,-23.15664570493151
792,-127.25501363243124,-18.799831215153915,-68.21019271363916
793,-81.14493070055872,-7.431937993109891,161.2245703909413
794,111.33574254958617,19.128086898216708,-14.875842226417385
795,-15.773163472253085,-6.590783434546277,-33.661984941145626
796,-102.37835233180525,-12.427161680985204,132.86491876160113
797,113.57523827258171,21.37866181653102,-2.2973208837200287
798,19.813918208167927,7.803644557893743,-28.790820006905577
799,-106.89510728003651,-19.534011809162937,32.478008405301544
800,125.18546229542021,22.52533664413407,72.96558231332531
801,53.42586956808348,9.847367834938085,-78.30832901463063
802,-100.88313803400061,-20.688596262102518,32.1689290362792
803,126.34067354926876,24.14100196467294,4.5858525013970235
804,86.72583374920976,13.29507485285612,-105.93459249220957
805,-109.80175105402049,-23.966160780647474,-85.65677776428359
806,-102.93501913257492,-18.24686474160584,115.26666622608
807,129.1982524814604,26.838934366621462,85.60712089730346
808,110.7949594569005,25.417365458264396,-27.289982408795545
809,-17.82523783769947,-8.499436792583355,-36.10911963032284
810,-105.8938460691372,-24.950811639119944,25.842554510430723
811,42.05607892770713,11.115987945516562,148.68486809160464
812,109.54380890861188,26.965489465284566,-28.930147756805397
813,18.779421884797255,5.907926911327595,-46.70244179220609
814,-104.02491354231097,-27.652764986634757,-0.7454699930397495
815,-24.374447395583562,-2.5889298257812507,155.35529492024705
816,118.17736876553934,29.127125638508947,31.174864215626535
817,17.40751090804363,9.518078655546391,-27.053037014501278
818,-115.01593326833633,-30.124818368444362,-48.477510235031
819,-106.47621256053695,-27.150609142140986,45.191488987429636
820,46.01541759340093,12.778760651410987,152.84750466945158
821,112.91149332927213,30.26874065096735,-9.20189271078311
822,2.9286782088760575,0.5957047419283619,-33.89862448711103
823,-102.33896659011218,-29.210340043896267,32.33605751935327
824,103.48736235506426,31.161180228495283,5.167999530214886
825,-13.008230774584826,-7.7863334014307055,-34.882761255300636
826,-76.4276052284403,-23.224445418539144,-71.81386937801453
827,-109.6766717210297,-31.91367716406099,2.5283414063710317
828,-5.052881114262808,-5.555668280159247,-34.741867305654296
829,-102.35123660883781,-49.32170377731032,-60.02105573457638
830,-102.09610561421084,-45.971704577530595,61.94066808001986
831,24.981820080709248,14.573859948506527,153.09474886139662
832,127.45006167406338,57.22351553752718,115.32198035510159
833,24.127336789022085,15.72492344356617,-39.68834927108585
834,-15.885652311367267,-14.515349953274145,-39.45628868487086
835,-101.18642884583141,-54.6265999186173,-10.094373459661956
836,-97.20320115879575,-41.963855795992494,141.78180869245676
837,87.22731118696996,44.61161508886711,156.491812682362
838,115.78466256744888,59.88229933153744,9.716689365869852
839,109.0582841423071,51.45206209977555,-82.48219643658535
840,-13.687666810371121,-13.523973352193822,-38.96640794994613
841,-98.99036918946403,-56.076869704073935,-9.930014881899684
842,-41.632223531235425,-16.653702569636497,152.6232226908159
843,122.25237557455898,63.18553459964921,122.19517107530326
844,107.60324958010628,59.32586541976299,10.85819505303709
845,37.08203879413003,22.0445793189054,-57.41596596365267
846,-40.60548554091394,-29.182567389853062,-54.85237445011348
847,-100.19984964475543,-58.044911873667125,13.701896161636148
848,-59.304428916003786,-26.43206638620496,154.09419731404125
849,110.52561149737446,61.941155633429005,68.23598740226372
850,106.82750883571406,56.16792272153603,-71.11059132676465
851,-2.1202768858654917,-4.140466623605209,-30.90050173167579
852,-95.91920612980502,-57.836850627251955,-64.15429278896437
853,-94.9893751385007,-55.27410063220237,47.78971017756043
854,-8.311114719674382,-0.23658951154010532,150.77725596844624
855,125.91822106591194,71.3529581220452,85.86368478982104
856,108.2716241702613,56.68068245867294,-101.79315059311715
857,1.7930139824566593,0.4381855186136814,-32.95526967152535
858,-98.83791628019742,-64.7581095593736,-48.81204480407012
859,-94.41176401901497,-58.29431737527298,60.12847237075442
860,-0.6241914526769374,4.293881848073735,152.96321076539766
861,120.55221377590529,74.7891449889651,80.76298264707363
862,108.99027236991704,69.58683244954469,-8.042185513143057
863,10.089923430673231,14.61716293021358,-25.71497504754091
864,-76.50962313579485,-53.62882272051358,-78.90835895374708
865,-93.37033866033465,-59.55204863122453,65.17585106206924
866,14.835695599118072,14.069441880061126,155.0464314492667
867,114.3358027016287,74.80881223408639,68.56524362872825
868,109.67721938366644,68.50778095764134,-63.40123803960676
869,2.8079273400445897,3.2578023521502217,-25.840062125413862
870,-86.19835845380761,-60.92185782636666,-90.81947602633412
871,-87.6268319060415,-62.87069450222642,28.137458421032775
872,11.376083956053428,12.215069256646673,146.3463911522074
873,113.55970046264937,77.33392445804427,68.98568001860312
874,106.17720744172208,71.57291229515796,-68.4989972099395
875,2.4439082901895097,3.2815898784938047,-23.86013982528612
876,-79.27652812297454,-59.360977309085754,-84.4275564545053
877,-90.63892376512922,-66.6981701721602,29.682988105274887
878,-47.509801492745936,-26.594374733836204,155.21708045439897
879,117.63571565821928,82.54464277287889,75.59858300403457
880,109.82989135869492,79.65664828821451,-67.60731594578588
881,1.2847113990021592,-0.26960648572446244,-33.974649798991734
882,-89.99525649234378,-72.94182637547806,-45.44570477449016
883,-86.88710399033253,-69.93859159197802,25.943271536982294
884,-42.88307503143043,-25.792260276445912,152.27990377717217
885,109.55995748658312,82.36325629615911,146.2795557362388
886,105.14881071660943,79.85160101388973,-65.72418306917035
887,0.7932433093277066,-1.0408359784645596,-32.98133801946297
888,-65.10355395074008,-56.9738306046969,-77.72657699810945
889,-96.06565640191371,-77.88720242257355,27.328198151994684
890,-38.06757662231663,-23.058791926292713,155.7341346025771
891,104.35785289981095,81.89148611298236,152.0198272766349
892,108.88121564895823,89.3154354533921,-20.460470269896774
893,1.3980682871494086,-0.29339529328838543,-36.97241301654983
894,-93.94598745101844,-80.7408316966297,-51.3495119828167
895,-95.50790398972819,-80.82887923892518,21.792979317016332
896,-52.54212550341253,-34.74924824358732,161.9927120660379
897,95.50763209600528,81.54334555839948,160.4130081503808
898,108.0437852352962,92.64168973442237,-9.72541847407298
899,13.33227320939325,19.31524684269209,-34.389762091509596
900,-98.11141963132579,-86.25145047429113,-59.617590483556434
901,-104.53219192651235,-89.73506852185061,20.055399387277177
902,-64.02193649921766,-44.41776843364639,172.64136623087893
903,84.08837136610003,78.55951734255753,157.49154743565518
904,110.20614985943939,101.08497254336237,-5.849570858915493
905,18.519466331216456,23.784501999938836,-43.562219960780695
906,-5.500627022354783,-15.37862554051232,-29.418908675884886
907,-121.9632519197559,-103.87580425856102,78.77396901429414
908,-51.50701583944901,-37.96941434327868,165.86447179997174
909,87.93611354199273,84.69038691724907,161.33878444089996
910,108.1887110112307,103.18213610152111,-5.942500016409909
911,20.237457312410967,25.306958084694156,-48.006661042645696
912,-5.903767142585169,-14.738662741780791,-34.55894398101034
913,-134.3941938665937,-117.19273632618085,81.35560530705854
914,-76.7003906214457,-61.66774416036351,192.31940286513168
915,74.68247637267451,76.33721590747383,150.7267070318069
916,103.40251392937911,103.72814207222827,7.592301982184297
917,22.701076127688687,27.389374120085513,-54.22628002220049
918,-26.769525730970578,-38.37366532863169,-51.71384364945298
919,-123.95491460926233,-119.97765675562832,-42.713611544368796
920,-90.96265626029181,-76.08214191292262,204.9235298476362
921,63.9155259551358,69.1324521773284,155.26915975504897
922,107.58636119744705,110.87551325126668,17.624087969158534
923,31.367785264740373,37.53976398368769,-57.8625056002771
924,-18.218299607796755,-30.29181885353853,-49.46377133201681
925,-242.67376472340894,-222.44061498776298,99.45479229978093
926,-35.55626927244296,-29.47590003107528,153.28152244216014
927,44.891030960804336,53.065082602528875,156.0366062060432
928,110.41526911500917,117.24786589397206,31.314651805391748
929,74.9176558330199,75.85142153588623,-93.51257672089262
930,-43.6051573546092,-57.645617373665964,-59.58627177614627
931,-308.0551066627972,-298.459056674049,108.22881394687822
932,-42.17584559986096,-37.873104396858515,167.05202759666548
933,83.4028715783974,97.03927445829441,156.1604764100422
934,112.9919786828441,127.94869566043887,41.75160188033845
935,14.278398724158079,24.651851315123793,-42.28395375914805
936,-28.017112351170642,-45.72119223458171,-53.58196912410019
937,-350.65654102548973,-351.1648680801802,82.32937577734538
938,-58.34773076975228,-55.786693981306044,182.2889181495177
939,70.99553086731123,87.5102104190218,158.79518760738395
940,114.73835920282946,134.0505204496575,58.66281868383606
941,18.869233358397018,29.601232638787863,-50.346650197015734
942,-21.33135954168987,-40.414350584688655,-53.58390559949924
943,-335.9928271435238,-351.9209298157952,31.081265752007447
944,-113.51552861933378,-109.57793348000561,279.23691934452995
945,108.14463442092676,130.68967167830053,151.8388485763332
946,107.59803284809428,127.76367074780059,-42.589195926185866
947,25.97498710667302,38.8269243495855,-57.03619723467078
948,-15.556816063219326,-34.334767720158254,-49.71607905873895
949,-296.74448819189115,-325.74681965725495,6.1374286864344505
950,-27.514199248066767,-26.539660805642697,147.95956071974612
951,106.21819251916678,133.35343103907095,152.4273713628709
952,113.07490441238807,138.5376129521143,-33.96819222643853
953,0.7596934189177902,-2.0072423392678704,-28.959303743048707
954,-12.6254847091788,-32.41800657573761,-48.8185163866545
955,-296.67402559585054,-338.4106866511415,183.18298650687865
956,-25.445711889185148,-25.562134556450772,152.4887506656736
957,102.1420133025996,138.60810451961706,148.07213638209066
958,113.4288973166181,147.84481544012306,-45.15657409134388
959,-0.3712123581351452,-7.023909803657086,-34.72333450212401
960,-214.94300047821815,-274.53288380622695,-120.96056592018354
961,-294.67149740410593,-335.99283924158306,349.8234665994059
962,-28.900118187851476,-31.296907636137277,154.1959707969626
963,96.03064821420148,136.22862961802042,153.40358280099568
964,119.39524919301677,156.8383191267482,-123.01077300439381
965,-0.8479619984060807,-9.840035790288594,-33.46242619673159
966,-209.02728230714695,-277.2334772896671,-113.63153018027259
967,-286.50057335436054,-338.7245343192069,347.5810489912457
968,-32.666153031689774,-37.66522810253694,157.59369558440937
969,124.70419684543184,176.9820069533752,120.39839793671601
970,122.91577335599432,168.52033311033352,-111.6285697142333
971,0.8556745724200165,-2.1093754420922615,-30.95513689540069
972,-184.11526335897918,-256.7988695529576,-114.45237902961559
973,-227.31515338551463,-264.5952262799724,502.1176289749512
974,40.40619764327762,70.7252026653904,155.67459689531157
975,109.93163439047468,176.89294267258384,29.494371485354154
976,123.75432815088816,179.3402263550033,-137.37461414739954
977,0.7716390693089864,-3.4046782121815173,-37.920040668236034
978,-252.21142324831214,-350.36130741430384,135.29685042491408
979,-236.47119783937293,-297.0650329701056,509.04657259626504
980,31.306059120703818,62.29135598572474,151.7649244595218
981,115.15548743745913,190.49607924966585,35.24888000130172
982,56.417177907971244,92.51543062681078,-107.36007861507419
983,-40.722758255293755,-85.0302013513252,-82.24307914676238
984,-235.61611843887914,-344.24214742754486,93.08418028821978
985,-42.963303483115226,-57.00000247107454,192.0362458097136
986,19.951508125441144,45.829051350964164,150.6426390867402
987,115.19018156377079,196.46518994059454,10.096165095988294
988,12.654539615793063,33.559249350334134,-50.613060444715714
989,-15.035231757507553,-48.704743741273376,-51.33285255355247
990,-254.58806767407296,-374.5870154863221,204.79814482262464
991,-17.089896098229453,-19.74051907415336,150.1434745342576
992,86.74334624291328,162.3764490003045,156.67605805393518
993,116.97060772071181,207.29321771697417,29.7313476214279
994,0.8984932065367308,-3.317776356659035,-34.91780945170617
995,-190.3989386780127,-310.5458824996933,19.41837982697481
996,-18.870817749846907,-26.192461269693716,152.25337102051668
997,118.0569504948178,227.33289114257965,119.79260957190566
998,124.36551254172299,215.40869515822004,-158.87588815072993
999,0.9673536779388918,-3.2435833434989587,-32.917045008790964
1000,-175.04740927951153,-312.5689584148218,-4.138814806755821
1001,-184.57199297695504,-286.2415404525733,513.8361126697296
1002,71.58454834143349,155.9555308252183,160.68703492245223
1003,121.88127851599808,219.73795382716247,-160.726194684157
1004,1.018689944114679,-3.360287901742864,-34.91292700234632
1005,-165.3143582232166,-309.7810720678427,-15.388172537904234
1006,-27.11373223898221,-43.31295440156269,177.01504436444148
1007,108.94402896386273,230.31109883772982,146.0947935547578
1008,72.72057269811214,139.66844770054504,-156.76645464434642
1009,-94.98228856642056,-205.5486829358451,-104.17719730965644
1010,-198.93272061794437,-341.91620807427023,479.3904950342131
1011,44.70669322761783,115.99076579373755,157.0268681005155
1012,114.06914998960853,234.9677767833016,-85.5159634863054
1013,-0.2366434921331293,-18.141843520490017,-35.274660666341454
1014,-178.70043652297593,-367.044459051278,202.87695970256038
1015,11.49935659122611,47.181313191728606,151.0911202835574
1016,106.24129294099605,240.00630964993022,-86.19422340447672
1017,-0.07842640039809434,-26.396585483656505,-31.274758857727566
1018,-124.76246107929485,-301.4577737322288,-56.37040048762552
1019,-171.56081873278987,-337.01359933077566,442.6016334375657
1020,35.480474496955594,111.43682904594182,151.29378220679607
1021,99.18612804164765,245.03472923668346,-15.227150600639007
1022,1.3744882110967431,2.8095896407715397,-33.949059428636204
1023,-125.66425794064601,-316.2059319895884,-47.22904102827907
1024,-158.50578655969784,-324.6227752218075,438.1976282777293
1025,39.37532474783133,126.48439690783115,160.3314946686191
1026,98.94724245007815,242.39319150479093,-111.10521311227136
1027,1.531184857718118,0.8010547850818279,-38.97161237969426
1028,-89.9004284840834,-254.10276124891774,-102.60229026516711
1029,-136.40863088837955,-291.51113256452754,418.96751523707974
1030,15.960578305251916,68.8838120839554,147.44757184558546
1031,96.96962775370481,267.62148613552284,48.11551266380999
1032,0.7950756032039599,7.144224755885274,-27.774823100873714
1033,-26.651778899381366,-115.15725370944627,-98.80906305480453
1034,-78.63143408457829,-246.48374069824717,-9.294730949915381
1035,-2.542778945067091,13.152131358350003,154.5372782036419
1036,87.5354300478892,271.42142784799967,57.334221860073626
1037,1.497650287497159,25.73714095061898,-35.80246259369572
1038,-41.574115877451106,-165.68892836784244,-84.19189407639854
1039,-89.85736236562292,-236.1781111164799,281.35765968902354
1040,58.51668066923564,210.7509344048592,164.28571060490236
1041,78.81847486552581,238.7843111604605,-181.28622163830545
1042,1.4417867531500148,-5.305373909735723,-32.80233393899624
1043,-13.900998381171277,-32.13095417304476,153.959787039766
1044,72.11273217648079,261.1874794620454,140.38355186168837
1045,56.16896688308981,180.64622342595325,-185.2120061823944
1046,-79.18897619001136,-290.57135607323113,-34.95944099919908
1047,-123.75125373008578,-379.7482033353042,217.49739808864356
1048,3.8806656502640875,44.18532383963138,154.18824366863996
1049,60.114279436939476,248.31787205878504,-71.08930586370333
1050,1.552887869414281,-3.5280670931361726,-36.8901448467869
1051,-57.04538426311597,-189.643293975333,252.75907512075824
1052,-5.213117795456668,4.241526826611912,152.86005436205195
1053,53.05346361590158,250.16232846253288,-16.244399428390132
1054,2.2213493650413607,-13.918272498009218,-34.90904886225926
1055,-81.85212785968453,-362.40216000988744,-120.76939118611604
1056,-3.427663910753146,16.54207661487833,153.26757037896232
1057,16.379037535779496,127.2523144762878,156.6759455450154
1058,50.488929728644855,243.9852939619201,-78.22162907406859
1059,2.3265921522733963,-12.620839783124188,-34.07258035042082
1060,-70.94281238526398,-345.74947632379707,-113.97279440540308
1061,-26.0705549864222,-129.987952128023,145.48042461001288
1062,47.59813180240982,275.7795126223678,98.5947692063437
1063,5.435125392861606,57.44174629376453,-65.79314379729385
1064,-8.592509310969504,-106.30839444349526,-82.06467857127923
1065,-58.932786829954175,-294.33617422383634,161.72773968377234
1066,-0.7656207262064543,41.67717874869067,152.730562261924
1067,38.93272829618985,253.10707139713693,28.00236392619314
1068,18.573801913257917,110.35678254737466,-124.77199096188471
1069,-8.18968679598233,-111.91292319077793,-90.48974262475109
1070,-60.45750018660204,-381.9253976018572,71.39665311635888
1071,-45.20965622189124,-184.7749822826807,405.6735678821192
1072,18.93369404349712,198.31930313927356,161.8622491906387
1073,32.139652881579124,243.49557795407426,-56.15839159702956
1074,1.5114251752966625,-0.3171841008523102,-39.970176234107925
1075,-17.39760444580437,-209.41102358478247,-99.06814075244742
1076,-3.4176384904779242,31.78597991777846,149.4209980716393
1077,9.4793594958647,154.9814570837596,158.49113370053738
1078,27.369337531721527,247.96903879033988,-28.617806492780286
1079,0.6277823879183064,2.5348028098191984,-30.97699066644278
1080,-6.488972547036411,-157.01215882004965,-80.43613444814429
1081,-56.58010602368266,-406.0637242465837,174.0748715275869
1082,-8.76984065544611,-41.10327213430945,159.910477602572
1083,18.77459545664871,244.51388271743664,156.04680314815792
1084,21.659566880767677,248.9746365488788,-70.50050832465652
1085,3.0757424489554435,-10.68528098257581,-36.26397617457304
1086,-29.553992241353583,-350.3087045467802,-117.79176228000719
1087,4.034745677617355,-68.95019174815643,32.312358955752075
1088,-3.7770529650892515,45.900029294041595,154.85608868604305
1089,10.128401817268093,276.66689758376583,127.67133293304487
1090,13.479162406418093,170.98854216094688,-167.72024774423284
1091,5.322635848964183,-22.732906246054345,-36.98941409433704
1092,-0.568800422844856,-172.050932960427,-88.85510992935454
1093,-13.432931145704064,-132.11747670124598,202.1250862649063
1094,-5.643922412788628,13.701248137142825,153.41734620311044
1095,8.509120758323396,284.3983041542416,25.367199522021778
1096,15.378562976095449,201.5616159923335,-208.51008502456338
1097,5.866838291380289,-100.30052645415749,-81.06780481365915
1098,-6.282484651267411,-191.7100028350971,91.95937247278975
1099,-14.352624097123567,-144.56594717787684,279.43852964941686
1100,-6.57536893978811,92.02854743102947,155.06355195420846
1101,2.551020414174623,245.24660860123504,-17.27737882397307
1102,-3.0179654496384574,40.640281006214735,-53.82823314980174
1103,7.895009443071499,-90.23362571801668,-65.8711177191856
1104,-11.460577435230885,-419.3883487647597,79.84809718697933
1105,-9.239513425693161,-119.81667175563085,239.1382258046661
1106,-7.697139580577598,152.96595270068403,160.25105928229817
1107,-0.8858437170498321,246.44110443568297,-25.3163752153484
1108,4.098712795792045,-12.485152453391938,-41.00504008367806
1109,12.065987027297558,-81.2789048620425,-51.64666111968507
1110,-2.549661931391112,-66.9712161120276,165.00394915965606
1111,-11.103801867359923,101.52241158794196,151.30868942634058
1112,-8.284958535653216,239.50131039479257,-36.342012337910525
1113,-5.283677151621842,24.303069483083004,-34.858046610608035
1114,13.190961228780953,-77.02045272922948,-48.42157844301126
1115,9.861134929998434,-316.4096798541266,75.9986888335889
1116,-0.9213531864395543,-73.02771373372823,161.99504008131274
1117,-15.320287514889653,169.71683922887524,155.0069749848383
1118,-12.441616105700893,238.51951314419756,-28.706660921781285
1119,-5.786514995966446,36.96633575681902,-51.76132878989423
1120,13.732368520018483,-72.83974718420393,-53.12648726340865
1121,23.397588555974526,-584.8127875544161,-53.36789004185528
1122,-2.0512972420303583,-39.70632844658396,154.30286339274608
1123,-11.689282931337921,67.47465637991925,149.44113698520746
1124,-24.307675132069946,269.7009383206473,77.03573689347725
1125,-7.54888388831721,86.00985294521351,-97.67498588916571
1126,8.242704086133507,-23.716247366013036,-39.398765058393245
1127,30.938082726889373,-461.7455204512129,-96.2443092231701
1128,11.948148425515464,-22.321692571686718,18.76671014010811
1129,-11.488057268744818,42.88743811811556,144.87821547921772
1130,-33.84808414715595,268.15170391202753,122.4413523932636
1131,-16.2197365465317,214.15708697657686,-194.87672109050575
1132,5.511982303788753,-11.02380971162308,-33.964801833367325
1133,16.956021448971388,-69.91758200396814,-49.30953096550543
1134,20.16410819783278,-25.944623502167225,10.671793302681854
1135,0.559104905295829,-38.60970177927073,151.46757910150876
1136,-25.78665924222066,142.28706568705178,154.9964036017277
1137,-29.89092068687086,245.88309640424418,-76.37317353022483
1138,2.2058586856033324,-2.2636497481772437,-38.90394920906725
1139,18.403626726512922,-76.11164711751961,-59.55666055191913
1140,22.2478440097127,-120.91009443319449,51.812359503936676
1141,1.6377311302105282,-43.10895540894238,157.70921430689006
1142,-25.037362929780066,120.17089172481839,150.5755885929473
1143,-34.63066819627751,236.64833298793172,-45.19674622395584
1144,-7.940578415534681,23.122259701941317,-35.85612789545536
1145,23.02846285462124,-88.22740432432678,-56.99954168186168
1146,-0.5495409707776879,-26.258032729617966,153.39351310893954
1147,-20.511256632410984,80.93163668589484,150.95547328794592
1148,-46.27401770914869,268.8410251061481,72.19017244427283
1149,-14.94829502629505,64.3713568104036,-75.56117145872442
1150,10.68673557576047,-22.830209519612414,-43.32574394974264
1151,123.51738477591591,-749.172668208411,75.07189065496682
1152,-25.46005016690966,91.82161398769026,152.0561203894252
1153,-58.27944647514607,260.92985860455883,56.49332125540887
1154,-15.222098792897706,55.55414557408285,-64.16686687786503
1155,10.710833263437102,-20.03209783302225,-37.74137508520702
1156,88.10659435069907,-426.11325407164475,-111.07189363354999
1157,-13.534830155263066,31.112512976590867,152.00040038846532
1158,-62.98418874374455,252.8816447595706,144.6300003906449
1159,-50.40805213911015,244.41360786463792,-154.82325074596818
1160,-9.378434088766147,15.068104364306691,-27.18876664843027
1161,79.78125537795789,-341.09312660144315,-126.23632408273909
1162,26.530758224951345,-1.608569833653458,3.7419697060806643
1163,-4.854229453029331,-1.7120020298009972,149.91908844893766
1164,-48.26622237184493,166.15466663036497,156.66893706404852
1165,-58.55992185485675,241.50659483744997,-73.76724095433582
1166,-5.095581058919812,8.407573581592306,-28.537217515182498
1167,29.56260999311586,-71.92905961738343,-53.220980295574336
1168,8.974636263715702,-44.879566376769574,147.87828606556548
1169,-28.56926144877118,75.084116250638,144.3482842264291
1170,-83.67348634979484,285.5624796703793,94.51429885602558
1171,-51.969657975537054,199.25545260494704,-219.96287001718522
1172,9.86100435705306,-11.574766637910956,-29.202833341788843
1173,199.3203816230874,-710.6783004267146,-61.93076933405456
1174,-18.550356492239608,37.76840839084574,146.23848898233672
1175,-85.86645998905865,252.433132504347,153.90313486349885
1176,-80.78154436411667,246.20259842706815,3.268947785307814
1177,10.853746782159508,-13.59271400453061,-32.79352826050778
1178,96.88352185808212,-291.22053245705854,-145.30811617941492
1179,-43.43106216271136,105.51799413137496,150.27229974238432
1180,-89.11103477064209,254.6937863422358,42.72898829441389
1181,-21.16863732406685,53.35107057561638,-71.74460909602985
1182,29.97114014372801,-57.5499710906734,-72.18868065430541
1183,328.9546489837786,-954.0915144067038,124.09366939325355
1184,-34.12716672386794,70.84003451520408,148.0806133019921
1185,-100.80827876704032,256.94314108007734,91.69789044724712
1186,-92.76333555885314,232.610423950518,-54.45739136721594
1187,3.7335168348842593,-3.0548773036448114,-34.77537282735896
1188,30.296146334818825,-49.65122279178525,-43.8126004212285
1189,-23.51697835540511,40.28915123859138,151.24111273024002
1190,-108.1632937181822,247.27468619192575,137.5547519136607
1191,-94.17284047267881,239.7743449587205,-169.98915183543247
1192,-0.5365612194772291,1.762448057816088,-35.0123885643498
1193,128.1147920826031,-299.5674356647815,-134.46102228920563
1194,7.214417689933442,-25.459515311832106,148.30622435456814
1195,-57.85321140218974,114.0786077046042,151.54461868645524
1196,-105.45971135818992,239.0466650438556,-39.86836886274159
1197,-25.75742851065282,54.20984668819922,-88.04266465091597
1198,14.082493768740509,-13.416591626284358,-33.2151952743778
1199,343.0391713765135,-789.8706420013708,-54.20023554432737
1200,-18.118696569782863,25.84791938165357,153.30409368767485
1201,-60.3106478455624,114.10970584410762,153.07068812508143
1202,-114.70182303445523,243.27605931782742,33.02651207119617
1203,2.634209890672082,-1.4655810896293495,-33.89340208672933
1204,15.963963139159791,-15.511579511021266,-37.57860682104389
1205,-20.98874378401314,27.829053045345795,153.71568051163544
1206,-112.14140600695511,201.44248036412287,153.15866791254922
1207,-125.21594028854281,236.83992946478975,-37.226370573060535
1208,-2.3108896086883406,1.8302913125673725,-26.02229612297847
1209,32.242053415390814,-42.65195628751825,-57.46529363441598
1210,-42.25287188957172,63.1962300714644,149.8973910942745
1211,-136.50626491443643,240.88134100771893,117.95565545781196
1212,-120.7267568747889,222.24343897348982,-92.58214344820829
1213,-0.9394632097177071,1.221330150356747,-31.02583112679553
1214,83.74906864561687,-132.1328745121796,-116.58951735218261
1215,-14.903641617512193,16.048614484659467,147.60341203752094
1216,-143.97729079544686,226.21297532893578,41.07124678248729
1217,-125.78859256956812,211.64528560444123,-177.60919692456494
1218,-9.489225356709673,5.0303714954393355,-25.531552858847068
1219,159.44060795468766,-250.59569271902487,-139.03657605185242
1220,539.796186054722,-929.8142638799136,83.25544859599742
1221,17.30395874876835,-32.23628817066714,159.85096642908874
1222,-58.36908885652171,77.6308709836466,148.59890910283286
1223,-138.9454242217981,208.92158299631882,17.461345603138287
1224,-127.21902183335155,198.08482293970616,-104.88625492295066
1225,1.3224970283845843,-0.2775360882457682,-34.97390420484443
1226,102.00614384554623,-145.7350592747444,-134.17456647792503
1227,-63.42185447468011,81.99315830777567,152.95200495814072
1228,-139.787958120004,200.04074930354008,66.10908160913003
1229,-86.37113818864778,123.51618469471569,-135.9700840574548
1230,1.3980682871494177,-0.2933952932883834,-36.97241301654983
1231,188.59963094448153,-266.32183668953826,-139.91232565520895
1232,19.840336928776612,-32.54171217459411,153.45856929737323
1233,-104.14736301860052,127.06048527982541,153.14376984362167
1234,-123.23995588951351,156.80736863811018,-51.66187646512713
1235,-27.711987705537823,26.07796895548481,-54.988476946487076
1236,36.85773774077364,-31.554753616717083,-48.552344523175464
1237,275.4704602696265,-372.8377415648785,-80.87901905058533
1238,-3.7296276763716767,-1.023693872352646,148.95555812704737
1239,-143.12898172086133,174.06254025990603,127.28764211938744
1240,-119.07027269198593,143.29252664335718,-38.674189424387066
1241,1.3224970283845732,-0.2775360882457614,-34.97390420484443
1242,37.68147006272075,-29.89289553341429,-49.98298897208319
1243,-31.344198765252354,30.046675243856203,148.74127212928482
1244,-141.08742506313544,164.57605864420236,121.98966716188656
1245,-118.63625046059079,136.19146982398232,-94.83299346794034
1246,4.0084602277808505,-1.6359439807644547,-36.812305247184554
1247,140.27867825108632,-157.60676050960532,-160.86471507048037
1248,10.709841417953452,0.33019534885397217,10.871787400996029
1249,-26.349737932584066,21.850313833712114,147.6471498201035
1250,-143.68639822041507,148.71015090436276,16.55902818347044
1251,-109.11956813988837,110.6516819388109,-61.986994755909556
1252,9.90946684535727,-3.876751473902689,-33.10296844208585
1253,143.03970179184046,-143.40488725459494,-153.65097542726983
1254,-56.75716626580976,50.826708008850105,141.89834003808235
1255,-141.35617660661927,139.6859555673858,35.19329876556733
1256,-105.41954336092392,100.01239870936797,-84.67043375498292
1257,28.75851260968297,-11.335943668484813,-29.375085326773423
1258,186.07031085557327,-184.8785012622206,-161.40216883755258
1259,34.740801602826295,-29.723309947601045,85.19976784139111
1260,-37.030743665976765,29.19869283014754,149.84709443145107
1261,-129.38083877136165,115.8835865478178,63.38484148665755
1262,-116.8965713521003,102.49754295065893,-24.73244980042383
1263,-1.4002966241784915,0.7625135026956585,-36.03648936498466
1264,31.507885706935472,-17.298022248165385,-46.38604344411199
1265,-45.48753291060194,34.223698487249315,150.17426986891877
1266,-126.77728073574532,107.31092631420343,148.40807713033567
1267,-119.06182837016306,98.88260543098251,-59.08216962940747
1268,-48.67239153576852,33.08256480913414,-71.73039181361361
1269,107.75053501497558,-85.04950572469834,-124.79682241012053
1270,257.55725058022006,-227.32826667093155,-112.54463755400769
1271,14.669495163644958,8.938392285819505,1.544408239685534
1272,29.800111606353767,-27.167507989152806,154.07259969482558
1273,-107.72320345880432,82.9415571852537,154.31544056597718
1274,-121.83172047318153,89.36991097938333,20.462314849772845
1275,-34.30279525887033,18.701579883673062,-56.045836689666686
1276,-1.5325956625432846,0.46153201522400983,-33.040979665089885
1277,290.54667121522937,-240.62331795524005,-96.23986563655974
1278,62.859239770677824,-50.26939209273475,155.25166260272482
1279,-38.48686098041034,25.365695595380927,156.30910349910081
1280,-118.76029733267268,83.84210167501203,54.05459231016731
1281,-113.21154026411607,79.45629225504939,-39.94355198497313
1282,3.2687251580627734,-0.729597240124648,-34.875385575548
1283,44.86539593913722,-16.449723681452763,-35.93656611107427
1284,115.42920984289496,-73.14299441133284,25.972354549170998
1285,-40.419623178545876,23.724501716481235,146.84932935089742
1286,-139.56588327336482,93.20220051708226,119.41998158420662
1287,-115.26715918192727,69.83977973746771,-29.88092579182357
1288,-74.20470183257387,51.546283092879904,-146.46875836450758
1289,17.001083766648275,-3.827147277300659,-33.95799552949488
1290,224.74004822752883,-154.8265453357987,-141.8072675583204
1291,70.57229702008968,-48.45455937066121,166.22897733510572
1292,-71.21101720077294,42.9859099588314,154.21318487872614
1293,-115.71628654136248,67.98134855503098,59.12747718378415
1294,-110.943702158397,63.81076640862431,-67.7738540472123
1295,-2.673086938509152,0.49569751391028055,-36.04411504719913
1296,91.95956000799697,-50.9010549482068,-91.26565336120117
1297,257.1023013050134,-172.62267609957965,-29.716273382701203
1298,12.554486335238146,-8.725192477295135,150.5302698620573
1299,-133.8283617459127,75.67238974093083,134.71486282904678
1300,-119.99991184436466,59.348984686146935,11.008228227467956
1301,-94.2517248057926,52.36632397590186,-114.04707187675866
1302,1.9677338707506769,-0.2942661991506267,-27.939881799967182
1303,238.75945699704963,-140.6352836426154,-137.46563531975465
1304,86.08612681003872,-48.74716681684028,154.7072740934622
1305,-27.44105789022999,12.576052436691242,153.45963659016192
1306,-122.82682921902108,61.717590751296534,71.71709076994058
1307,-113.63716044571113,49.80278825237525,-25.12406280343901
1308,-10.774742210143794,0.4447466500984608,-27.713682053127116
1309,59.68584940919568,-21.06882513346239,-56.683020805243686
1310,298.8469762174065,-173.2941997825881,-38.8296149229337
1311,45.62403851709702,-6.909730840267382,28.565246764586902
1312,26.78024535504818,-14.27439020341585,150.8941874015639
1313,-122.9651417950604,60.782557827193,147.85602999168665
1314,-117.93209525156564,49.23194368829701,15.963554640686532
1315,-108.20412741688764,52.65007516790748,-110.87145101022344
1316,-0.6909984462840608,-0.012917023988718024,-40.031487708035854
1317,226.83679888200672,-116.59717479209064,-142.01980040210032
1318,101.43926042355963,-50.94677077362693,165.19339024178538
1319,13.264741075317186,-7.351754878684851,149.55294162833584
1320,-130.36482679975126,52.08892623066507,75.80052592101818
1321,-119.4015605356676,42.057966087799436,-12.248484683384325
1322,-34.119445103243095,6.243423077373299,-46.853891329182716
1323,20.63403990681762,-2.6888384463944046,-39.393179469798866
1324,268.1257483985298,-127.84117609290593,-78.21920128390055
1325,100.36041493980288,-31.17577290422706,40.7985381602685
1326,31.41189199761856,-13.465220065964228,154.38490060180996
1327,-34.36347204240872,12.46442397825488,152.34631464377375
1328,-118.5746550193153,40.71260387877051,41.59573811445822
1329,-102.96598939386826,36.38467947798915,-73.0044569744226
1330,10.630418290633623,-0.72379235201363,-34.187165239776064
1331,146.09266845219372,-56.938122492913486,-121.65269676509756
1332,145.62831503651685,-51.070677693779885,3.5891336950793398
1333,107.98524242582342,-42.11727329295295,132.44243388999908
1334,-0.1040728972170406,-0.9250455684753198,156.0247029040478
1335,-125.39000680124578,43.36458911577094,96.69814545741599
1336,-114.11549827412075,32.23102217911049,-21.77490995375716
1337,-84.25524561141255,28.39914388886012,-109.70915274566397
1338,27.362206513214534,-2.938918697692082,-40.69641381195119
1339,160.91851971551185,-50.802366413335236,-55.68451736049685
1340,124.56439938443138,-36.18242326543717,67.58448807467042
1341,21.222976466663617,-7.420893144864837,159.9978845782924
1342,-58.946770524998776,18.08826698216212,148.95827491708397
1343,-113.82476896639629,27.154329278147273,8.71167639352657
1344,-118.06634316845854,28.01830966079245,-31.62414461222805
1345,22.47867628402023,-0.6162169114784559,-33.939674905799464
1346,147.78429250059952,-44.79610312930206,-98.18065445408632
1347,121.8048390905684,-28.685555378103814,12.023819244013872
1348,102.64141438670727,-31.945669019112696,141.77027903495286
1349,-17.861284969367055,4.559569795143588,155.02452174634504
1350,-123.26765123398971,31.76460026625122,78.2630251837629
1351,-117.25541824115147,25.203666547574468,-27.370888897841283
1352,-58.36122075837909,11.081578896052225,-75.30454098370208
1353,24.910097182792054,-0.27988618368706736,-34.31510853140616
1354,121.79996886268071,-24.514062671759717,-16.630628598173352
1355,114.0953589111259,-24.14749434630331,54.48222157500978
1356,37.579177143117626,-10.300143402892232,160.74998225833755
1357,-117.99860877352023,32.51239892994348,149.59606434598786
1358,-125.36051431715539,22.1958975169081,28.79148857415235
1359,-106.08648346002475,19.512927588063015,-73.42674852274428
1360,11.066500255138362,-0.031091098302066522,-36.153022867024454
1361,123.18045935737089,-26.3932338069641,-93.41367349946432
1362,122.22269557030135,-21.309733309202745,-31.83265038174791
1363,105.12167173801214,-19.313258455270653,94.50128275429792
1364,15.689870488360036,-3.2512221296899524,157.5583991100918
1365,-130.60800390288856,28.39206815786193,125.49808457079165
1366,-117.23672054298333,16.33466376777042,-11.194602299092214
1367,-106.42985410575086,19.768340128971776,-95.94471482061579
1368,16.589890231602258,0.3661660744310419,-36.27432763250871
1369,122.11752029864097,-19.893694821546703,-66.40094981136512
1370,118.68985150507042,-15.73281652528211,30.773193590400176
1371,65.3848991766094,-12.957773801815947,161.24201980048647
1372,-49.60726182309248,8.895914838662534,153.41672013413182
1373,-123.63807904139466,16.933568812186554,49.219908694070575
1374,-110.44712317811295,13.292537469325016,-53.14338452759786
1375,-6.88004568425811,-1.2767369295022066,-26.93751248770667
1376,77.0139497925175,-8.265836053219585,-67.55088895585206
1377,120.52733015270776,-10.078728513598662,-14.075654934204392
1378,114.10249221308683,-12.36405164200491,75.58784988331716
1379,0.3214860525199841,0.36722234061704306,158.0308131440248
1380,-131.44177215768423,18.25726654273812,98.62590267037538
1381,-120.95126599319123,9.890429742371532,3.8082996056452494
1382,-74.3267853228487,5.590647248457664,-90.29397402497668
1383,34.42253193395663,-0.02440532973796361,-52.12727673406414
1384,124.07663967925293,-10.396057819481154,-37.847161098905275
1385,114.6147187830574,-8.351450004451412,46.32542716889418
1386,49.764852485215464,-5.100413409097762,162.7013486984431
1387,-78.38135146718636,9.284304723813495,147.11667089836158
1388,-119.77990912423978,6.5311208750453185,19.144871626817448
1389,-113.48401551217835,6.81010050314696,-52.04987689732653
1390,26.92873036135385,2.8881700647147803,-30.485904748080195
1391,125.79391277800018,-9.073109099001648,-67.49580714342427
1392,116.01850041467509,-3.4920512852559167,12.439125508810225
1393,107.79310101295364,-10.325823514046768,146.79681639445923
1394,-18.095176453968655,2.3110773573440206,152.03859522057473
1395,-126.78910537408613,9.482422185038859,71.01124513023079
1396,-121.53605489491704,1.6457010267163528,-31.028043009598452
1397,-39.067901627043454,-2.770216443189131,-53.97166191994711
1398,39.4609807906676,1.9450923798988988,-50.24020301847216
1399,118.23455022212046,-0.7174792213818212,-8.615438891127187
1400,117.6530649283275,-0.9412329687853729,58.79557381372211
1401,21.83339192970084,0.045700088442368836,150.07746237953808
1402,-101.93031173232463,6.665852829040902,155.14188104776588
1403,-120.65260272767149,-0.1000808404192153,21.08066215406566
1404,-112.44819588113897,2.122894469394089,-85.32061293377467
1405,27.40829709519169,5.027455320687206,-29.04610072625155
1406,138.5945393186842,-1.7979607151274792,-50.45961902789268
1407,100.66740840843572,1.064138404219945,74.55756994374282
1408,73.29446881739558,-1.6284794814045926,158.203073914755
1409,-87.78088432315684,3.542442910627484,136.64495985376774
1410,-142.6590194019504,0.5402179192076506,57.55735929497859
1411,-106.1468202092714,-4.479391375163588,-39.95235667973162
1412,34.69276332864142,5.78934666737639,-31.466632807670646
1413,86.12996570428271,1.1711516854461852,-79.96905413916278
1414,110.07910421583264,8.346295930006084,8.600530167247276
1415,101.6467248114733,5.078857787693869,81.48041380542477
1416,-8.66309073704894,1.1199431990722557,148.7519941542317
1417,-129.10566880279907,-2.129021382453777,91.56161846328995
1418,-115.49433781076054,-7.883309995848955,-13.92851837186846
1419,-105.63811688336665,-5.312364663420341,-107.32663064199619
1420,17.98631912223082,4.2070118287597476,-31.713302349956976
1421,118.85566688382134,8.275740152757248,-28.152392856170728
1422,112.38265375571989,9.1070853090127,33.555867261055454
1423,76.29566642656332,4.370069015212892,165.5827758737657
1424,-89.92299438390397,-2.019331240895472,154.43091328483658
1425,-125.99047270260873,-8.521087275871176,49.80277346747088
1426,-117.36545428506156,-10.283714651980734,-41.2958705508379
1427,6.677741999187644,0.9647070133342974,-38.635726856271425
1428,37.53949134748682,6.358921388296536,-46.34569550551647
1429,115.29345792995386,12.69867753187482,-6.961429588246964
1430,113.99683904697197,11.159671382671194,59.26313680061218
1431,-11.895823102935214,0.8091792430492832,151.56450368105368
1432,-129.59228670316713,-12.028955555520149,85.89575505816751
1433,-119.89006814428072,-15.38454682256177,25.14015819154718
1434,-78.82578006168704,-10.77551550778055,-89.64105489888189
1435,17.28331339362432,4.869540154319664,-33.83775308882381
1436,117.33718548897842,13.597889635276516,-52.88282189378678
1437,112.42830790095792,12.144853682164843,39.30123233630994
1438,53.7116412022299,4.649719455715127,162.8426235017645
1439,-59.04372045757227,-2.07202616122853,148.9926657070051
1440,-126.1418367381976,-11.47950079048523,30.508787040236157
1441,-113.7364619049897,-9.930530982857338,-83.57554134004991
1442,29.013637679187212,6.294743300315683,-34.61968945733919
1443,118.14318017046048,8.421826527700109,-52.81126940528317
1444,110.69106776342518,9.941793216811817,50.44834215598074
1445,53.77178350969836,3.728435511840618,162.8522085787662
1446,-126.7886175642631,-1.5929594065709638,136.68223857722865
1447,-117.55714734272492,-9.421727885084213,-12.56927163720212
1448,-84.86127312488648,-5.600529343734145,-97.00773472206394
1449,40.7179508846417,5.379232833873098,-48.39350699943541
1450,112.52203708910285,9.43624714017564,24.890945844867264
1451,107.93582766810921,4.274560942283232,94.42051515528078
1452,-36.57547224009926,0.6361421948241575,149.39990631331924
1453,-129.66069960318018,-2.4990057083635744,85.17427577893216
1454,-114.68921234690579,-7.234483041055044,-36.208913787940546
1455,15.62364937620228,2.847657609680654,-32.2977905054315
1456,115.61864963899995,4.360664044277962,-11.650173534205104
1457,108.30534122615273,0.14754182188451392,110.4432714357635
1458,-53.0828756608036,1.9082071195801098,150.70774617691671
1459,-127.01210788441134,-0.5645364400249199,59.90005548121916
1460,-110.14131933654951,-1.4301853531177189,-58.78828641350479
1461,4.817481267854443,0.5830136967199419,-30.770019009275817
1462,115.78852193573985,3.0688589131125044,5.943407701016435
1463,111.69045153589843,1.5316684250169028,55.15428132070214
1464,0.4259483570137883,0.9429993793952596,151.02923851268773
1465,-122.48236513384414,0.3500452370889724,25.20986123228439
1466,-114.8952730699274,-1.0534559441813347,-28.942425306757677
1467,127.80590639059389,-5.45689556623528,-94.08741561087716
1468,104.37551486793681,-5.593275699352078,129.47055453962437
1469,-124.0581962473935,5.629605633662118,74.74380129752267
1470,-117.96479069201995,1.8931790614239374,-45.5331037257419
1471,37.805669901868946,1.0275573901129174,-49.84806415414561
1472,110.54186699920265,-5.538031077050608,64.17895370678062
1473,-24.08273828310364,2.827332296667453,150.34702491322977
1474,-119.22710160448364,5.834561817780289,-9.530358452231074
1475,-0.7310915272387057,-0.5244746869484351,-41.02908082801034
1476,115.51378877094578,-5.69552945447286,29.278382616343276
1477,32.16800315849483,-2.9306239870683433,157.86004256991802
1478,-119.80950796106553,8.08180444063201,13.927693797329901
1479,-80.2888034454017,7.050669534172122,-99.43683382940888
1480,124.73952988488467,-13.120300512941652,-72.87106981618194
1481,107.9635310029011,-13.311851907315102,103.53111230186995
1482,-64.6544999236762,9.529230110606035,147.92917466800634
1483,-127.39455360327926,15.342206452024064,69.10754548397591
1484,-103.99741678499245,13.130628195532493,-111.28546269110798
1485,51.747368671038274,-0.6717529836069411,-46.61514201128447
1486,116.3812558642189,-16.404576858238325,72.24382666946545
1487,-110.64990358098355,20.720775248489357,146.71666844558345
1488,-108.50768502967955,12.89977217924988,-54.17810700253803
1489,17.286666172616997,1.18265123862838,-29.023277413616803
1490,-35.63242962128898,0.6627834085983709,-49.95101017673355
1491,79.69769234063045,-5.790142545150026,-34.548511589734495
1492,76.63799283279374,-12.335951225551362,91.71055445162754
1493,-85.81028934245467,11.359555358595367,-62.5155438638863
1494,-79.69210763791814,16.835686559528344,145.87195412449427
1495,-7.703654545978576,-1.6101082196298508,-21.89043933666645
1496,114.91708992914431,-17.814480411821737,20.995707473526956
1497,-17.95869706480118,3.92961887837929,154.02752882704212
1498,-119.69703079152607,19.21213101058063,7.273446486670131
1499,4.54509190425194,-0.18202092761293193,-35.80417612352171
1500,127.56350450622845,-31.474259510306098,-84.3567457534323
1501,107.86923331832142,-25.660995387968402,92.00409551381254
1502,-104.74719414653609,28.304298771830673,147.6463159575485
1503,-109.2893712097654,20.300089536460288,-31.79718735787256
1504,5.285809563776721,-0.18384754547584858,-32.742841050104154
1505,97.26663276923627,-21.2401064879694,64.43362886174728
1506,46.45873862980759,-14.138552605978704,173.10123092352055
1507,-132.04373701795691,31.104043977924558,18.687779528304702
1508,-30.95569839759636,6.036415763915649,-79.75505360051224
1509,143.83088619661547,-42.60719577749184,-87.7506828234052
1510,97.49154601700592,-29.185143841093712,127.79899625687503
